23111,23133,23366,23775,24026,24263,24380,23221,24521,24703,23507,24414,24373,24310,24132,24070,24077,23981,23797,23625,23585,23606,23736,23815,23825,18141,12979,9702.8,7979.3,7579,7345.6,7628.1,8106.4,8267.2,8743.8,9176.5,9878,9708,9113.9,8937.8,9198.5,9997.1,10206,10212,10412,10403,8891.8,7949.9,7866.8,8692,9883.8,10909,11575,12147,13033,13357,13641,13944,14210,14401,14780,15017,15279,15519,15674,15933,16404,16460,16837,13960,8711.1,6672,5755.8,5589.6,5703.3,6063.9,6796.8,8090.8,9025.4,8692.1,8564.7,8848.3,9485.9,9674.8,9807.5,9597.8,9212.1,8333,7527.2,7332.3,8191.5,8701.7,9240.4,9791.8,10662,11507,12066,12631,12800,13042,13216,13283,13265,13229,13291,13425,13539,13718,13821,14108,14642,15636,16057,13338,8629.8,6955.5,5550.2,5155.1,5106.6,5528,6496,7025,7616.7,7709.2,7913.7,8169.3,8698.5,9037.8,8948.7,9528.2,9612.1,9356.4,9406.7,9787.8,10020,10050,9997.3,10463,11352,12040,12663,13095,13598,13982,14209,14412,14620,14898,15104,15334,15459,15528,15613,15860,15945,16138,16011,15889,10670,7064.2,4794.1,4915,4160.2,4122.3,4296.4,4520.1,4511.6,4508.7,4568.4,4632.9,4368,4270.6,4239.1,4276.7,4330,4188.5,4141.8,4224,4586.5,4619.5,4583.2,4895.5,5290.5,6057.5,7222.7,8249,9025.1,9227.2,9749,10179,10495,10745,10978,11075,11278,11286,11374,11499,11801,12020,11172,6696.6,4068.1,3658.5,3541.8,3597.5,3682.1,3760.2,3787.9,3813.3,3829.3,3798.1,3742.2,3786.4,3927,4263.8,4468.4,4444.9,4252.3,4192.5,4287.9,4865,5455.5,6405,7512.1,7846.7,8771.5,9239.6,9737.4,10105,10485,10779,10938,10953,11016,11176,11392,11545,11679,11685,11635,11686,11518,9021.7,5151.3,3839.4,3246.3,3744.8,2983.5,3727,3030.4,3801.7,3700.1,3734.6,3705.3,3837.1,3741.9,4176.7,4694.9,5178.7,5406.3,5855.5,6367,6829,6673.7,6218,6586.7,7281.4,8307.8,8687.6,9217.7,9694.4,10416,10778,11245,11756,11929,11985,12194,12403,12713,13080,13340,13562,13880,14148,14687,15218,14955,9450.1,7262.8,,,,,,,,,,,,,,,,,,,,,,,,,,,,,,,,,,,,,,,,,,,,,,,
34319,33649,33541,33495,33430,33492,33512,33513,33530,33502,33429,33369,33423,33358,33199,33140,33112,32775,33007,33044,33105,33171,33283,33310,33314,33323,33361,33404,33361,33435,31393,24196,21205,18622,16237,14511,13578,12685,11953,11352,10935,10509,10319,10166,9979.2,9804.2,9614.9,9502.3,9540,9655.9,9810.1,10032,10296,10366,10086,9932.4,10025,10514,11159,11879,12630,13327,14076,14778,15506,16154,16711,17281,17951,18503,18957,19264,19462,19687,19773,19930,20016,20100,20262,20449,20604,20465,21282,20934,15739,12497,10528,9205.9,8519.9,8077.7,7835.8,7596.2,7403.9,7262.5,7156.6,7082.1,7037.6,7062.6,7124.5,7158.3,7231,7498.3,7852.3,8161.9,8275.8,8251.6,8154.9,8002.4,8046.3,7502.4,7260.7,7567.5,8126.4,8799.8,9553,10268,10790,11410,11980,12812,13248,13611,14024,14498,14854,15167,15341,15529,15742,15864,16090,16258,16414,16560,16569,16511,16442,12904,9822.6,8080.2,7204.5,6668.2,6280.3,6033.4,5870.3,5821,5891.3,6039.3,6223.8,6355,6620.6,6913.8,7140.3,7200.1,7240,7500.6,7848.4,8143.7,8003.3,7761.3,7492.2,7400.3,7567.7,8016.1,8479.1,9144.2,9819.4,10402,11011,11530,12049,12462,13041,13513,13880,14218,14602,14843,15199,15619,16063,16477,16743,16930,17139,17352,17159,18197,14503,10226,8350.7,7453.3,6962.7,6664.5,6563.5,6565.4,6664.2,6604.8,6527.4,6485,6456.4,6466.7,6650.1,7231.8,7695.9,7974,8147,8269.1,8500.1,8672.9,8911.6,8942.6,8236.2,8457,8837.6,9484.9,10151,10753,11261,11665,12154,12631,13119,13695,14065,14375,14522,14671,14779,14860,15002,15163,15280,15406,15693,15990,16448,16287,12180,9561,8068.5,7124.7,6769.2,6647.2,6488.2,6239.6,5973.9,5810.6,5785.1,5803,5892.6,6087.9,6209,6419.7,6508.7,6686.4,7025.2,7572,7731.8,7639.7,7432,7404,7633.8,8240.1,8995.6,9633.5,10212,10632,11107,11572,11940,12459,12915,13168,13299,13407,13548,13808,13842,14031,14239,14523,14863,15013,16387,17372,11335,8514.6,7126.1,6451.6,6244.2,6075.5,5738.2,5578.5,5609.4,6221.7,6730.5,7707.4,7616.4,7420.7,7427.8,8163.1,8467,8142.9,7750.8,7641.5,8175.6,8990.9,9580.7,9983.6,10750,11345,12049,12722,13411,14140,14678,15059,15343,15665,16200,16376,16632,17159,18038,18979,20177,10329,,,,,,,,,,
32364,32422,32527,32399,32637,32172,32591,32580,32756,32714,32745,32667,32618,32144,32356,32399,32398,32413,32457,32378,32106,32017,31971,31932,31236,30929,26145,21529,17439,15296,13398,12096,11387,10741,9913.2,9694.6,9668.9,9857.6,9973.3,10113,9901.4,9606.9,9262.4,9221.9,9473,9977.8,9887.8,9499.2,9090.1,9002.7,9153.8,9828.5,10787,12081,13161,13547,14028,14684,15229,15816,16371,16623,16875,17184,17443,18198,18583,18868,19175,19572,19759,19831,15793,10371,9461.6,8092.1,8049.5,7764.5,7547.8,7513.7,7369.2,7350.5,7361.9,8116.3,8371.3,8559.3,8343.8,7844.2,7868.4,8159.8,8721.3,9386.5,9590.1,9530.6,8648.9,8705.8,8877.3,9403.8,10004,10973,11662,12466,12842,13760,14178,14636,15116,15358,15651,15885,16101,16388,17036,18143,18767,19628,20227,20802,18518,13806,10488,9415.1,8473.1,8296,8527.1,9129.9,9966.2,10314,10385,10050,9550.6,9187.1,8988.6,8962.4,8626.8,8105.1,7470,7132.9,6949.3,6854.3,6932.9,7031.2,6798.1,7041.6,7906.7,8659.6,9745.5,10256,11237,11648,12504,12913,13461,13831,14285,14556,15082,15382,15648,15766,16008,16096,16235,16052,16580,12728,9213.2,7918.7,6074.2,5674.4,5348.8,5287.8,5268.6,5393.9,5682.4,5963.1,6374.8,6619.8,7375.3,7687.6,8136.7,8998.1,9015.1,9150.7,8919.8,8533.2,8430.4,8581.6,9165.5,9805.7,16742,10426,10955,11374,11880,12054,12538,13055,13171,13628,13893,14126,14428,14555,14547,14598,14524,14625,14722,14973,14731,13305,9481.7,7679.9,6485.3,5789.4,5520.9,5352.2,5365.8,5514.3,5709.6,5856,5987.7,6098.8,6034.2,5935,5856.3,6482.4,6789.2,6912.8,6784.2,6614.4,6588.5,6692.1,7083.3,7478,8288.8,8770.3,9165.1,9895.3,10291,10659,11280,11679,12065,12481,12904,13130,13249,13542,13872,14143,14331,14536,13836,12339,9096.8,6940.6,6270.3,5739,5546.8,5456.2,5304.9,5381,5554.8,5844.8,6571.3,7491,6740.5,6561.8,6875,6750.8,6465.5,6033.8,5769.5,5595.2,8601.6,5826.9,5872,6287.1,6143.2,6808.1,7237.6,7930.8,8251.1,8798,9387.9,10887,10460,11717,10057,10230,10429,10464,10928,9199.9,11203,11844,11900,12018,12138,12222,7933.4,6912.2,6482.2,,,,,,,,,,,,,,,,,,,,,,,,,,,,,,,,,
29963,30060,30027,30101,30105,30184,30287,30299,30166,29711,29683,30245,30168,30052,29868,29941,29919,29887,29842,29740,29779,29691,29745,29655,29684,29720,29746,29852,27325,22411,18426,15287,12616,11043,9581.1,8715.2,8247.7,7423.7,7079.9,7134,6905.7,6553.6,6287.7,6185.9,6208.9,6314.7,6666.7,6756.9,6385.9,5932.7,5774.3,5852.4,6437.2,6825.7,7554.3,8563.9,9627,10540,11243,12001,12676,13374,14116,14673,15195,15683,16025,16389,16674,17039,17302,17507,17643,17700,17711,17798,18146,18510,18811,18493,14197,10151,7992.7,6718.8,6243.6,6087.8,6004.8,5847.6,5903,3741.3,5768,5850.9,5829,5648,5666.7,5877.2,6330.5,6804.1,6553.9,6065.4,5621.6,5498.9,5724,6019,6485.4,6590.1,6590.1,7830.7,8171.2,9129,9872.3,10584,11180,11528,11855,12223,12624,13119,13727,14258,14745,15093,15468,15788,16178,16567,16841,17053,17167,17496,14207,9485.3,7150.6,5844.7,5185.8,4996.9,4948.1,5025.1,5107.4,5447.4,5786.5,6135.8,6490.7,6462.7,6271.8,6586.5,7480.6,8160.7,8170.2,7936.2,7945.5,8175.6,8617,8668.8,8582.4,7701.5,7101.4,7143.6,7658.9,8681.8,9930.3,10954,11593,12095,12585,12981,13489,13950,14411,14730,15012,15250,15429,15532,15666,15794,15937,16142,16303,16541,16879,17211,12239,8731.6,6623.7,5854.5,5524.5,5401.2,5486.6,5661.5,5719.1,5651.2,5588.3,5649.6,5884.8,6213.2,6705.6,7385.5,7946.3,8144.4,8196,8029.9,8156.7,8777,9332.7,9790.6,10005,9408.1,9212.3,9563.2,10368,11238,11899,12301,12675,13101,13434,13787,14219,14601,14926,15204,15408,15569,15653,15782,15936,16100,16293,16468,16409,15858,15920,11514,8385.3,6404.7,510.63,5273.7,5466.9,5384.2,5190.6,5179.8,5346.2,5524.8,5123.9,5338.5,5279.5,5408.6,5651.4,5632.2,6049.4,6293.3,6391.3,6356.7,6298.5,6462.3,5888.4,5283.5,5152.3,5680,6799.4,7851.5,8833.4,9414.3,9935.2,10452,11044,11508,11973,12319,12611,12855,13151,13396,13811,14233,14565,14850,15131,15483,15706,15933,16103,14299,10305,7527.9,7527.9,5184.6,4449.5,4288.9,4186.4,4228.7,4347.1,4665.2,5280.7,6108.1,6245.4,5925.3,5806.8,5881.2,6332.1,7047,7082.6,7003.7,6964.7,7039.7,7300.1,7877.1,8523.3,8498.4,8366,8892.1,9827.8,10600,11280,11893,12482,12931,13257,13479,13736,13986,14289,14675,15021,15469,15871,16165,16389,16596,16787,16966,17115,17703,14943,,,
30790,30903,31002,30832,29266,27985,27455,27537,27628,28004,28958,29383,29620,29775,29831,29926,30024,30148,30159,30345,30406,30397,29139,30237,30030,29791,29268,29192,25676,17439,15663,12951,11292,9796.2,7837.2,8644.7,7954,7469.4,7100.3,6903.6,6802.2,6748.1,6799.7,7110.5,7310.9,7458.7,7608.7,7594.3,7705.5,7514,7330.9,7264.7,7303.8,7393.8,7611,8257.4,9183.5,10475,11631,12546,13431,14119,14724,15448,16037,16883,17408,17557,18126,18686,19227,19668,19984,20237,20024,20270,20388,20535,20574,14797,10793,8557.1,7347.6,6499.2,6090.5,5917.9,5971.5,6150.7,6337.1,6658.6,6946.3,7231,7475.1,7677.1,8199.3,8465.5,8215.5,190.76,8518.2,8161.1,7150.3,6424.3,6367.8,6483.9,6799.3,6971.2,7415.1,8250,9307.9,10244,10985,11702,12238,13026,13711,14303,14693,15048,15344,15540,15714,15908,16065,16059,16024,14749,13724,13487,13643,13731,14169,10478,5666.4,5754.4,5032.7,5100.3,4875.1,4686.8,4651,4453.5,4588.4,4795.2,4657.5,5204.6,3540,5031.1,4873.3,4402.2,5232.1,3228.4,5440.2,5216,5306.8,5549.6,6193.3,6281.6,6837.5,7631.4,8744.4,9633.4,10251,10921,11393,12069,12681,12961,13238,13467,13672,13838,13906,11256,13972,14063,13795,13704,13874,14084,10352,14341,12984,11128,7827.9,5969,5015.2,4616.9,4406.6,4403.2,4422.5,4415.1,4595.8,4755.4,4614.7,4486.8,4492.6,4699.2,5107,5472.6,6121.4,6249.2,6377.7,6691.4,6874,6111,5755.5,5887.3,6576.3,7370.3,8220.6,8878.2,9590.6,10176,10757,11393,11925,12283,12604,12894,13171,13400,13590,13768,13944,14059,14174,14290,14523,14746,14838,14818,14864,15357,12716,8688.8,6689.3,5358.8,4987.4,4945,5091.7,5557.4,5631.8,5508.2,5207.2,4947.9,5053.6,5747.1,6044.1,6250.7,6292.9,6297.2,5524.6,6073.8,5993.1,5381,5104.5,4985.9,5187.9,5287.8,6025.6,6992.6,7882.6,8578.4,9142.2,9646.4,10352,11056,11531,11883,12215,12268,12055,11998,12360,12597,12423,12213,12095,12025,11899,11877,12050,12236,12418,10342,7031.7,5337.4,4423.6,4024.2,3900.7,3817,3735.3,3085.8,3603,3688.3,3680.7,3698.1,3729.8,4160.2,4486,4369.5,4276.9,3985.5,3903.3,3747.1,3881.4,3939.1,3344.4,4064.8,3815.5,1991.3,5187.5,187.74,6888.3,7448.1,8055.2,8526.8,9009.9,9268.6,9418.4,8989.9,9718.4,9926,10265,10471,11558,12016,12332,12568,12751,12857,12999,13319,13316,13836,10413,38.946,,
32818,32660,32610,32701,32867,32879,33003,33041,33132,33142,33196,33383,33366,33500,33621,33578,33640,33413,33357,33594,33643,33570,33635,33579,33796,33835,33768,33796,33522,28796,24156,21004,18841,16920,15339,14118,13259,12614,12327,12176,12102,12013,11716,11275,10948,11110,11561,12136,12588,12731,12265,11531,27.684,2988.6,11040,11390,12278,13388,14387,15233,15843,16416,16935,17599,18151,18740,19283,19658,20080,20506,20930,21376,21854,22280,22596,22943,23220,23475,23681,22077,17381,14296,12811,11463,10744,10379,10248,10280,10561,11033,11773,12587,13359,13422,12641,12280,12359,12791,13407,14267,14833,14250,13009,11962,11124,10583,10419,10942,12159,13377,14346,15103,15752,16360,17034,17754,18264,18723,19125,19491,19767,20109,20481,98.649,17341,21908,22316,22751,23342,23582,23421,18946,15713,13558,11991,11052,10524,10478,10541,10548,10436,10317,10113,10008,10084,10346,10634,10937,11292,11727,11840,11177,10330,9863.1,9786.8,9755.3,9769.6,9779.9,10261,11209,12055,12832,13464,13997,14543,14954,15438,15852,16207,16454,16716,17019,17383,17736,18097,18429,18805,19212,19627,20093,20581,20856,17787,14366,11923,10534,9694.6,9368.5,9452.3,9735.5,10191,10829,11431,11896,12003,12264,12643,12897,13035,12497,11733,11410,11539,11885,12356,12652,12740,12509,12227,12752,13696,13696,17148,15942,16625,17294,18083,18515,18776,18966,19194,19437,19929,20562,21057,21325,21621,21881,22267,22739,23206,23388,23915,21577,17476,14516,12253,10753,10212,10059,10133,10285,10450,10561,10512,10550,10913,11233,11382,11326,11218,11342,11732,12302,12787,13074,13219,12958,12028,11489,11737,12410,13203,14071,14793,14793,16301,16858,17361,17862,18305,18692,19019,19287,19538,19835,20131,20394,20641,20841,21033,21256,21403,21553,21340,17861,13932,11356,9875.4,9214,8969.6,8931.4,8986.8,9238.7,9481.1,9639.8,9686.7,9493.6,9197.2,8986.1,8878,8998.5,9532.6,10328,10937,11287,11419,11426,11236,10814,10524,10672,11185,11911,12753,13605,14441,15204,15757,16198,16406,16850,17151,17396,17611,17858,18121,18394,18650,18985,19392,19783,20162,20502,20712,21199,17630,13604
26238,26421,26488,26599,26990,27532,27903,28319,28711,28313,29574,30281,30542,30292,31055,31040,30743,30820,30611,30135,30367,30193,30025,30014,30016,29977,29752,30055,26404,21203,17153,13775,11997,10943,9576.6,9058.5,8568.2,7970.6,7627.7,7525.7,7708.1,7860.6,7479.9,7055.9,6522.4,6362.8,6225.7,6235.7,6293.5,6346.3,6504.7,7308.1,7604.6,7831.6,8124.8,8872.5,9871.7,10788,11702,12736,13555,14197,14781,15474,16082,16449,16904,17167,17365,17459,17576,17725,17914,18207,18306,18503,18579,18889,18796,14164,10441,8570.1,7877.8,7301.2,6979.8,6715.4,6475.1,6448,6862.7,7562.4,7515.1,7073.8,6783.7,6694.4,7267.3,8368.5,8614.3,8178.8,7696.2,7407.8,7868.6,8679.5,8239.1,7601.5,7360.6,7789.6,8718.1,9893.5,10813,11459,12073,12731,13257,13851,14293,14625,15084,15525,15966,16275,16585,16845,17151,17573,18179,18689,19107,19745,19971,14902,11012,9493.6,9049.8,9064.6,9358,9265.3,9145.1,9564.2,10397,11009,10554,9638.9,9245.6,9571.6,10649,11599,10896,9930.2,9477.4,9545.4,10132,9584.9,8515.7,8051.4,8141.5,8821,9791.8,10695,11557,12428,13116,13637,14086,14516,14966,15445,16046,16403,16689,16957,17251,17586,18073,18724,19396,19848,20238,20534,20744,20890,15586,11187,9052.4,8218.7,7770.8,7482.2,7079.6,6843.7,6950.6,7651.3,8528.1,9618.6,10285,9807.4,9053.3,8698.5,9166.1,9967.6,10816,11303,11340,11180,11372,11883,12230,12454,12739,13491,14137,14711,15072,15448,15816,16307,16935,17428,17786,18108,18439,18672,18950,19179,19560,20091,20533,20857,21068,21243,21458,21592,21066,15586,12097,10209,8580.1,7924.7,7380.2,6827.1,6464.4,6666.9,7128.3,7697.6,8227.1,9278.4,10078,10454,10597,10692,10794,11030,11146,10242,9002.9,8611.2,9041.3,9810,10712,11701,12426,13320,13968,14538,14989,15553,16192,16893,17437,17848,18186,18456,18715,18963,19290,16749,19745,19845,20017,20150,20218,20240,20268,16682,12276,9939.7,8562.8,7957,7570.1,7380.5,7367.1,7087.7,6953.2,6856.7,6947.8,7406,7608.2,7356,7076.9,6835.9,6727.2,6737.7,7085.9,7531.5,7102.5,6746.8,6691.6,7087.6,7870.9,8763.7,9818.8,10601,11282,11797,12248,12737,13323,13925,14671,15282,15786,16238,16671,17160,17682,18294,18619,18886,19056,19215,19383,19539,19484,19940,18336,13413,10474,,,
22274,22700,22931,23209,23452,23698,23967,24285,24735,25078,25373,25639,25856,25992,26029,26055,26117,26226,26369,26481,26513,26474,26272,26095,26016,26045,26063,26469,23588,17524,13408,11238,9914.6,8858.8,7963.6,8343.9,6994.8,7036.2,7262.3,7158.5,7979.5,7942.9,8278.5,8646.9,8507.8,8513.1,8909.7,9412.6,10174,10387,11034,10918,9244.8,8697.3,8571.6,8941.9,9926.7,11189,12249,13053,13659,14195,14697,15296,15899,16427,16829,17181,17555,17937,18391,18832,19408,20069,20590,21083,21439,21886,22332,20161,14762,11648,9848.7,8539.1,7689.1,7130,6742.3,6713.3,6824.8,7260.3,7870.2,8443.2,8366.9,7697.7,7201.8,6915.2,6703,6599.5,6600.8,6682.9,6517.2,6317.4,6146.4,6106.8,6109.8,6286.5,6852.4,8046.8,9445.9,10432,11151,11727,12292,12919,13552,14137,14750,15211,15596,15975,16473,17014,17494,17911,18456,19050,19637,20224,20809,21034,20394,15144,11758,9787.6,8121.7,7136.7,6516,6147.9,6042.3,6141.2,6481.2,6953.5,6560.9,5953.6,5612,5413,5298.3,5229.1,5253.2,5527.2,5928.2,6033.7,5943.5,5745,5913.2,5753,5703.1,6133.7,7089.9,8438,9354.9,10096,10820,11395,11859,12046,12396,12831,13332,13847,14510,15308,16049,16652,17160,17597,17878,18085,18240,18391,18619,17949,13627,10225,8390.4,7548,7148.6,7621.3,8307.3,8957,9017,8847.2,8874.9,9383.2,10343,10787,10207,9527.8,9643.8,10394,11307,10620,9900.5,9466.7,9402.9,9525.1,9360.3,9179.9,9737.4,10891,11965,12753,13578,14106,14794,15381,15958,16483,16985,17448,17960,18446,18881,19315,19727,20075,20485,20805,21134,21426,21368,21735,17072,12888,9778.6,7905.3,6990,6420.1,6133.2,5962.1,5907,5917.1,5841.4,6408,5920.9,6069.4,5946.9,6319,6171.4,5786.3,5938.9,6369,6360.8,5103.7,4901.4,5442.7,5521.5,5598.2,6076.8,6850.4,7785.1,8882.9,9615.1,10361,10992,11504,11877,12191,12503,12889,13374,13882,14314,14683,14956,15198,15448,15610,15896,16179,16438,16563,16620,12557,8985.8,6885.3,6373.8,6316.8,6468.9,6668.7,6935.1,7435.5,7285.1,6718.1,6309.3,6186.2,6217.7,6345.6,6550.9,6513.9,6366.2,6587.3,7077.8,7516.4,7158.2,6637.3,6353.6,6512.7,7135.5,8076.5,8850,9515.9,10396,10990,11653,12258,12626,13071,13623,14123,14618,15027,15285,15504,15601,15863,16287,16756,17201,17352,17437,17372,17528,14562,10073,,,
11685,11864,12094,12099,11888,11696,11763,12030,12393,12653,12559,12381,11917,11346,10818,10329,9972,9823,9829.1,9966.3,10109,10267,10392,10504,10903,11553,11625,11825,10431,8058.2,6546.7,5764.3,5332.1,5110.9,5000.7,4914.6,4782.6,4627.8,4438.7,4252.9,4121.6,4072.5,4017,4040,4211.8,4373.9,4471.8,4341.3,4311.7,4423.6,4612,4476.6,4262.3,4178.1,4452.9,4982.5,5492.3,5881.5,6222.8,6713.5,7287.4,7510.4,7761.6,7984.2,7945.3,7810.9,7811.6,7744.7,7427.6,7585.1,7663.4,7716.8,7562.7,7416,7626.5,7674.2,7724.6,7846.6,8001.6,7191.8,5411,4418.4,3926.4,3679.3,3503.2,3328.8,3219.7,3156.6,3175.3,3366.9,3637.8,3827.1,3779.4,3695.8,3657.2,3703.6,3939.8,4346.4,4352.6,4045.5,3774,3680.5,3809.6,4174.9,4369.7,4337.2,3849.1,5392.8,5918.9,2973.7,2973.7,6807.5,6671.5,6715.2,6913,7036.2,6847.6,6628.4,6337.9,2242.5,6446,6607.2,6665.6,6736.9,6941.9,7029.8,6903.3,77.485,5193.6,7346.4,6304.3,4667.3,4059.8,3816.3,3739.7,3732.1,3814.5,4039.8,4109.1,3813.5,3606.8,3534.1,3570.6,3645.1,3711.1,3769.1,3722.1,3657.8,3626.8,3630.6,3637.8,3650.1,3624.1,3823.6,3813.4,3806,3906.6,4209.2,4681.1,5261.2,5553.8,5469.7,5435.4,5596.3,5680.7,5704.4,5000.9,6099,6241.2,6482.2,6719.5,6719.5,6719.5,196.71,7862.3,8288.9,8681.5,8963.4,9228.1,9456,9500.6,7500.3,5228.9,4354.4,3882.4,3694.4,3622.6,3550.3,3656.6,3903.2,4158.5,4130.4,3919.8,3680,3608.8,3512.1,3439.2,3366.6,3202.2,3211.8,3102.1,3018.1,2952.7,2872,2859.4,2916.9,3009.5,3159.3,3464.7,4057,4648.9,5060.2,5413.8,5556.6,5674.9,5796.6,5893.5,6213.5,6228.2,6263.6,6226.8,6266.5,6222.7,6054.5,6050.8,5925,5837,5868.8,5968.8,6180.4,6460.1,6260.4,4883,4057.7,2326,3330.4,3004.6,2614.3,2439.4,2387.2,2074.8,2815.5,2765.2,3177.3,3215.9,3357,3537.6,3698.5,3775.7,3513.3,3904.7,4214,4050.7,3680.8,3619.6,3714.3,4066,4052.8,4191.5,4609.9,5182.9,5433.5,5534.7,2064.8,5459.9,5817.3,6335,6877,7004.7,7164.4,7364.4,7332.2,7171.1,7158.4,7233.7,7413.5,7506.9,7693,3205.9,3205.9,8398,8420,8123.2,6143.5,4646.5,3934,3543.3,3292,3079.7,2981.3,2883,2802.5,2766.3,2826.9,2960.3,3092.3,2955.2,2745.7,2628,2635.9,2807.7,3160.1,3387.6,3268.8,3030.6,2949,2920.2,2884.8,2860.1,2921.5,3251.7,3764.4,4261.3,4635.7,4994.1,5481.9,5796.4,6009.4,6104,6211,6211,6386.3,6409.8,6409.7,6541.7,4937.2,7353.7,7463.8,1731.7,1731.7,7554.7,7263.7,6977.9,6894.1,5262.1,3922.5,,
6315.3,6211.4,6092.8,5980.9,5792.9,5721.5,5688.9,5775.2,5762.9,5987.6,6319.9,6300.9,6225.4,6167.7,6051.5,5823.5,5599.3,5570.1,5539.9,5593.8,5680.1,5699.4,5754.5,5750.7,5577.2,5408.7,5237.3,5335.5,4388.8,3523.4,3118.8,3002,2904.6,2837,2800.1,2778.7,2772.3,2781.8,2861.2,2989.6,3156,3225.9,3214.5,3216.5,3254.1,3115.3,3038.3,3005.6,3209.4,3472.7,3652.9,3583.8,3376.1,3609.5,3890.6,4212.2,4506.2,4804.9,5006.7,5309.7,5668.4,5956,6055.7,5813.9,5650.1,5645.1,5716.1,5774.5,5886.5,5911.9,6025,6080.3,6191.6,6348.3,6447.3,6377.8,6222.3,6092.9,5629.5,4172.2,3224.8,2927,2788.7,2772.7,2778.6,2771.2,2642.7,2485.1,2527.2,2521.6,2518.6,2518.4,2609.9,2878.6,3122.3,3407.1,3469.3,3349.7,3404.7,3639.6,3816.7,3849.5,3736.8,3614.8,3543.6,3630.3,3945.3,4354.2,4722.5,4999.2,4974.6,5005.1,4887.1,5018.1,4975.5,5307.4,5564.3,5592.2,5253.3,5168.9,5152.8,5141.3,5077.4,5025.7,5067.5,5080.3,4965.1,4743.9,4741.2,4577.7,3391.1,2901.2,2989.6,3030.9,3088.6,3111.2,3173.9,3264.1,3466.8,3426.5,3409,3488.4,3493.3,3384.4,3171.6,3085.9,3329.8,3638.1,3694,3786,4012.6,4255.1,4211.5,3960.7,4059.5,4357.6,4743,5228.5,5600.4,5669.9,5495.2,5268.6,5143.6,5120.1,5093.3,5266.6,5375.2,5590.7,5754.8,5829.2,6039.7,6318.2,6501.1,6567.9,6644.8,6769.2,6967.5,6945.3,6701,5386.9,3972.2,3247.2,2976.1,2890.8,2893.3,2934.3,2955.8,2999.1,2893.2,2660.7,2744.3,2649,2512.4,2337.4,2272.4,2296.2,2381.1,2554.7,2792.2,2896.3,2952.1,2984.7,3133.2,3322.2,3571.5,3898.9,4182.7,4356.6,4683,4946.9,5026.6,5039.6,4866.8,5148.1,5197.8,5276.1,5300.8,5349.3,5136.2,5487.7,5691.2,5819.8,5976.8,6169.3,6376.2,6487.2,6398.9,6118.5,5903.3,5446.3,5202.6,4050.8,3141.4,2745.9,2707.6,2662.8,2677.9,2727.6,2891.6,2980.9,2912.2,2783.9,2690.7,2814.7,2882.4,2822.8,2843.9,2954.6,3121.1,3244.6,3198.6,3179,3144.2,3046.1,2995.4,3181.3,3201.1,3328.3,3630.3,4081.6,4234.6,4546.9,4763.8,5024.9,5212.8,5311.9,5329.5,5384.2,5310.9,5155.5,5062.4,5087,5277.2,2700.3,5770,5805.9,5563.6,5800.5,6162.4,6561.8,6591.9,5495.5,3976,3247.4,2909.5,2837.6,2743.9,2686.8,2684.8,2686.4,2641.6,2565.4,2530,2538.9,2565.9,2521.1,2749,2871.2,3000.2,3223.4,3326.1,3480.1,3537.3,3573.4,3642.9,3727.3,3904.7,4314.8,4560.1,4863,4863,23503,23503,25716,1113.4,29016,2066,6753.6,6813.6,6801.4,6911.6,6974.5,7042.7,7126.8,6785,6670.7,6954,7395.9,8219.5,8204.4,8350.3,8171.1,6092.1,4428.8,,,,
6394.3,6227.1,6051.3,5836.5,5735.2,5690,5638.9,5592.8,5549.4,5584.8,5610.1,5456.8,5325.7,5298.5,5259.5,5290.3,5344.6,5519,5634.9,5501,5063.6,5759.9,5729.4,5686.3,5642.9,5562.6,5742.3,5615,4616.5,3537.2,2739.4,2490,2460.7,2383.7,2318,2302,2294.7,2298.8,2401.3,2496.6,2550,2697.1,2631.5,2610.8,2624.1,2645.3,2617.6,2725.7,2721.3,2649.2,2633.9,2527.6,2590.3,2671.4,2944.6,3324.7,3700.3,4034.7,4258.8,4573.5,4661.2,4692.8,4813.6,5046.6,5295.6,5498.3,4719.9,5365.4,5554,5736.4,5834.8,5846.5,5788.9,5801.6,5966.7,6090.2,6085.7,6053.9,6058.9,4973.6,3865.9,3150.5,2914.3,2787.2,2789.5,2879,2925.3,2892.3,2850,2805.9,2843.7,2865.1,2758.5,2633,2543.9,2548.4,2621.1,2873.3,2491.6,3448.4,3495.1,3505.9,3633.6,3713.9,3833.8,4164.9,4685.4,5259.1,5893,6391.9,6738.9,7036.2,7206.1,7653.4,7736.2,2307.4,7585,7473.5,7360.4,7299.1,7327,7563.9,7673.5,7527.4,7329.3,7304.2,7320.1,7429.6,7501,6214.1,4284.2,3234.6,2900.8,2753.4,2695.5,2687.1,2703.5,3136.9,3136.4,3146.6,3110.7,3168.9,3279.7,3543.9,3215.4,3212.7,3031.2,2987.3,3081.2,3394.4,3772.5,3827.6,4360.7,4336.3,4448.5,4624.5,4977.4,5575.3,5714.2,5393.5,4915.1,4938.9,5227.2,5225,5194.8,5168.5,5228.7,5389.1,5468.4,5042.1,5417.6,5704.8,5981,6180,6348.7,6318,6412.6,5659.8,6360,5239.4,3798.3,3252.5,3061.1,2998.6,3021.3,3144.5,3288.6,3305.7,3291,3217.1,3048.6,3066,3205.8,3222.4,3197.1,3399.4,3654.8,3814.5,3916.4,4043.3,3952.7,3878.7,4128.9,4210.4,4000.1,3884.5,4044.3,4621.3,5278.2,5190.3,4921.7,3800.8,4145.5,5749.6,6791.3,6960.3,108.49,2150.5,6715.1,6548.8,6680.7,6853,6923.2,6691.3,6476.8,6425.3,6754.3,7074.2,7573.1,8109.5,6880.7,4772.4,3636.8,3124.4,2908.8,2914.6,3132.9,3391.6,3512.4,3553.6,3266.6,2925,2881,2737.4,3021.1,3566.2,3534,3466.2,3582.1,3884.4,4034.7,3840.9,3701,3714.7,3427.6,3417,3827.7,4469.7,4887.9,5095.9,3912.2,5016.5,5008.3,5166.8,5399.8,5488.8,5621.1,5175.3,5175.3,5979.7,6093.5,6078.2,6250.4,6391.4,6573.3,6417.5,6363.3,6443.8,6104,5633.8,4944.7,3477,2986.1,2727.1,2606.2,2531.7,2606.8,2587.7,2483,2369.1,2306.6,2240.1,2250.5,2400,2615,2869.7,3079.9,3244.9,3256.2,3316.4,3518.8,3603.9,3449.3,3458.4,3576.7,3615.7,3419.7,3597.1,3597.1,1639,4968.6,5250.2,5467.6,5569.2,5643,5638.7,104.27,104.27,6451.4,320.79,16.656,1044.4,6138.1,6570.6,6811,6876.1,6901.2,5285.2,6145.7,6164.3,6598,5544.7,4194.5,3465.2,,,,
29576,29727,29842,29925,29955,29955,29982,29955,29973,30084,30038,30116,30189,30224,30330,30311,30348,30298,30356,30360,30374,30487,30451,30318,30272,30228,30034,30370,27672,23656,20114,17600,15572,14097,13071,12425,12017,11797,11800,12074,12916,13896,14879,15443,15490,15142,14625,14018,13294,12991,12876,12776,12716,12780,13862,15287,16668,17598,18320,19060,19908,20820,21681,22293,22789,23246,23620,23942,24349,24608,24779,25004,25196,25355,25480,25664,25908,26132,26252,24306,20519,17428,14914,12987,11808,11088,10662,10471,10315,10101,9924.8,9930.5,10300,10890,11371,11692,11949,12090,12578,13316,13868,13970,13948,13923,14109,14944,15934,16812,17459,18070,18687,19242,19909,20408,20717,20966,21185,21347,21588,21817,22085,22437,22749,23113,23491,23892,24292,24565,24544,24998,22823,18032,14590,11993,10552,9352.3,8976.9,8596.3,8453.6,8548.1,9224.8,10709,11366,11318,11041,10752,10834,11292,12025,12450,12218,11577,10956,10506,10506,10555,11090,11974,13086,14135,15169,16037,16937,17491,17942,18344,18753,19252,19789,20320,20695,20913,21060,21204,21353,21600,21910,22021,22039,22093,22125,20125,15295,12043,10317,9590.6,9272.6,9310.4,9616.6,10319,11509,12855,14034,14835,15635,16311,16743,15495,14404,13903,13896,14116,14554,15323,16409,17274,16820,15948,15894,16556,17600,18534,19140,19619,20196,20766,21252,21657,22077,22417,22761,23071,23393,23695,23942,24101,24249,24436,24569,24654,24565,24581,23779,18099,13906,12052,11151,10618,10422,10540,11011,11923,13024,14078,15634,16363,16813,16720,15517,14819,14568,14831,15817,16405,16941,17155,16947,15546,14376,14165,14678,15776,17414,18279,19037,19603,20112,20646,21108,21561,21944,22229,22574,22762,22950,23205,23518,23761,23868,24006,24111,24166,24286,20891,15879,13395,11964,11159,10682,10369,10460,11195,12179,12694,12680,12577,12544,12825,13196,13322,13256,13323,13614,14356,15486,16630,17406,17709,17434,17018,17071,17744,18699,19420,19976,20349,20875,21473,21812,22249,22550,22827,23050,23317,23591,23899,24219,24372,24458,24469,24434,24460,25129,24946,21511,16153,,
27105,27199,27235,27323,27390,27404,27284,27233,27235,27245,27324,27435,27560,27706,27799,27890,27915,27940,27954,27945,27969,28037,28104,28193,28235,28319,28358,28329,27790,22988,18975,16182,14194,12648,11372,10455,9926.5,9803.7,10037,10691,11728,12948,13963,14436,14637,14802,15177,15831,16540,17175,17162,16324,14826,13538,12901,13179,14593,16052,17112,17870,18440,19077,19589,20070,20594,21022,21448,21927,22268,22543,22819,23046,23210,23356,23512,23726,23885,24056,24184,21891,17113,14133,12382,10936,10141,9371.5,8988.9,8797.4,8760.3,8907,9385.6,10015,10478,10661,10568,10203,9887.2,9502.9,9111.9,8889.4,9033,9484.8,10053,10739,11986,12748,13373,14321,15055,15727,16349,16999,17745,18446,18977,19432,19623,19875,20167,20501,20881,21255,21607,21948,22327,22718,22901,23221,23447,23816,22845,18488,15015,11807,10534,9845.1,9641,9491.4,9497.9,9564.4,9763.9,9917,9858.5,9831.8,9908.6,10387,11062,11979,12901,12857,12577,12898,13503,14353,15372,13861,12933,13087,14137,15150,16369,17120,17788,18403,19101,19717,20210,20566,20861,21022,21347,21688,22077,22397,22622,22787,22881,23094,23457,23765,24005,23629,18675,14974,12775,11266,10567,10364,10544,10988,11763,12866,13966,14774,15462,16014,16514,16682,16812,16972,17122,17019,16661,16068,15346,14940,14804,15154,15771,16432,17116,17704,18374,19107,20179,20660,20993,21165,21369,21512,21455,21918,22168,22386,22509,22590,22592,22704,22847,22951,23479,23016,18822,14491,11907,10999,10729,11028,11681,12568,13076,12862,12658,12900,13492,14237,15102,15774,16094,15644,15296,15339,15531,15923,15595,14580,13957,13993,14742,15630,16470,17113,17850,18802,19600,20520,20621,21319,21362,22065,22035,22473,22594,22660,23008,23100,23362,23555,23626,23625,23658,23793,24022,22658,17214,13598,11728,10869,10312,10029,9999.3,10116,10318,10658,11044,10683,10128,9646.3,9376,9700.3,10473,11396,12214,13178,13434,13502,13558,13574,13793,14047,14307,15064,15777,16480,17018,17417,17941,18271,18587,18890,19252,19581,19796,19942,20061,20207,20390,20527,20726,20933,21067,21247,21283,21498,19862,14055,10353,8856.8
24037,24027,23970,24031,24212,24413,24520,24584,24571,24656,24677,24761,24857,24941,25029,25209,25440,25680,25890,26020,26056,26120,26161,26269,26377,26254,26495,25286,20703,16657,13950,11708,10284,9212,8595.3,8489.8,8635.9,9000.7,9800.1,10626,11786,12692,12308,11786,11558,11491,11561,11541,11463,11362,11254,11231,11240,11212,11813,12860,13922,14835,15537,16098,16629,17208,17843,18385,18774,19026,19255,19468,19776,20220,20594,20838,21042,21270,21567,21971,22343,22765,23111,22788,18806,15616,13195,11477,10179,9309.2,8754.2,8606.9,8656.2,8821.3,9079.5,9442.6,9558.6,9401.7,9395.8,9771.5,10477,11639,12659,13591,13330,12656,12649,13324,14466,15512,16274,16922,17606,18136,18580,18970,19279,19618,20016,20278,20475,20570,20646,20733,20823,21030,21215,21488,21788,22170,22515,22786,22917,23083,18233,13445,10607,9169.1,8518.9,8078,7873.6,8131.3,7804.5,8381.2,8850.1,9877.9,10768,11420,11848,12140,12568,13283,13885,15182,14294,14256,14964,14609,14531,14827,15310,15969,16671,17415,18142,18799,19233,19555,19839,20153,20525,21002,21497,21770,21959,22085,22256,22535,22683,22801,22920,23038,23166,23276,20050,14809,11375,10070,9384.6,9176.1,9145.9,9102.5,9123.5,9283.4,9721.3,10603,11670,12721,13382,13380,13159,13095,12840,12144,11685,11616,11970,12701,13559,14192,14365,14857,15714,16413,17019,17615,18166,18579,18952,19326,19715,20104,20512,20966,21290,21499,21649,21748,21922,22113,22338,22548,22705,22717,22908,21716,15707,11578,9895.9,9150.5,8867.8,8806,9098.6,9679.1,10241,10441,10435,10385,10529,10785,11070,11512,12284,12893,12653,12044,11513,11075,11056,11804,12198,12890,13536,14417,15183,15900,16911,17496,18104,18801,19363,19854,20269,20631,20923,21211,21417,21525,21555,21683,21826,22014,22343,22646,22958,22653,17086,13280,11531,10459,9889.2,9559.2,9453.6,9661.8,10471,11478,12628,13857,14856,15881,17002,17813,18644,19295,19729,19887,19188,17811,16468,15917,15948,16532,17222,18014,18969,19665,20073,20303,20503,20709,20879,21084,21410,21826,22280,22646,23048,23266,23407,23420,23378,23353,23303,23376,23384,23837,20122,15000,,,,
25135,25307,25456,25592,25671,25706,25729,25764,25847,25913,25973,25986,25961,25879,25872,25926,25892,25960,26072,26268,26452,26539,26603,26510,26485,26551,26402,27070,24414,20397,17042,14042,11986,10144,9221.3,8643.5,8320.3,8081.4,7750.4,7460.6,7090.5,6806.2,6737.3,6656.4,6496.9,6350.2,6179.6,6033,5934.7,5833,5844.7,6177.5,6605,6880.2,7016.7,7568.4,8388.5,9207.6,10111,10718,11382,12114,12990,13614,14110,14659,15177,15698,16297,16455,16865,17261,17686,17994,18323,18735,19127,19492,19216,15541,11931,9301.6,7683.7,6817.2,6284.8,5971.6,5697.5,5500.3,5339.7,5162.6,5077.5,5050.1,5035.7,5106.7,5232.2,5462.3,5665.9,5762.4,5708.4,5640.5,5587.1,5522.3,5531.4,5514,5471.6,5606.6,6523.9,7272.5,7937,8614,9237.6,9875.5,10444,10872,11334,11720,12017,12215,12363,12460,12466,12434,12554,12593,12758,13250,14204,14302,15246,14130,11082,8463.2,7057.4,6365.6,5882.2,5521.5,5390.6,5130.2,5026.1,4647.5,4413.7,4258.2,4274.6,4330.9,4486.5,4695.4,4766.6,4825.5,4876.1,4987.1,5130.7,5099.1,5196.5,5208.6,5328.4,5673.5,5709.5,6599.8,7197.3,7836.6,8374.5,8751.7,9129.5,9391.1,9684.7,9993.4,10680,11090,11606,12153,12450,12662,12522,12775,12841,12828,12618,12871,13108,13420,10917,8035.4,6268.8,5476.5,5099.6,4842.1,4694.4,4571.7,4521.4,4364.4,4258.3,4158.6,4083.3,4013,3988.4,4026.7,4092,4132.7,4120.6,4060.5,4050.2,4010.6,4078.5,4253,4417.8,4742,5193.3,5737.6,6324.5,6915.6,7480.9,7901.8,8296.3,8614.2,8962.7,9297.1,9675.3,10030,10153,10298,10414,11076,11106,11513,11881,12123,12298,12385,11992,12700,10713,7241,5711.2,5046,4685.5,4410.6,4213.4,4035,3933.6,3914.7,3946.8,3975.7,3904.7,3862.2,3807.2,3678.2,3853.4,3904.9,3943.8,3951.4,3993.3,4078.8,4213.4,4586.5,4542.1,4471.7,4619.4,5133.2,5852.4,6573.6,7206.9,7565.6,7925.3,8381.5,8694.5,9143.6,9615.4,9940.2,10318,10685,10958,11148,11349,11651,11869,11967,12225,12435,12558,12646,9662.8,7040.1,5741.4,5044.6,4671.4,4467.2,4375,4358.8,4361.4,4388.5,4300.1,4095.9,3943.3,3839,3766.2,3731.1,3716.7,3727.6,3739,3795,3911.4,4117.3,4470.5,4857.8,5203.8,5486.6,5091.2,6529.3,7146.5,7716.6,8231.4,8774,9172.4,9547.2,9904.2,10149,10381,10383,10345,10534,10801,11052,11562,12180,12669,12749,13193,13543,13498,14125,11070,8012.5,,,,,,
25412,25565,25718,25620,25538,25371,25207,24997,24700,24276,24666,24820,24886,24910,24905,24795,24576,24346,24200,24123,24078,24002,23983,24164,24260,24078,24020,22638,17384,12761,9823.2,8222.2,7315.2,6707.7,6359.5,6202.3,5710.1,5440.4,5356.1,5298.4,5138.8,4973,4792.2,4629,4646.2,4730.5,4892.7,5020.7,5117.2,5081.8,4890.5,4646.9,4459.6,4533.2,4929.3,5552.9,6359.6,7083.9,7703.1,8398.1,9024.6,9556.9,10111,10496,10876,11105,11284,11630,11938,11898,12048,12319,12502,12642,12784,12635,12439,12488,10218,7118,5602.4,4883.1,4496.9,4253.8,4046.8,3885.1,3793.8,3728.1,3718.8,3688.1,3635.7,3612.4,3638.1,3727.6,3803.9,3997.8,4213.9,4383.1,4612.3,4872.8,4994,4937.7,4853.5,4915.2,5251.2,5847.2,6460,7078.5,7581,8035,8342.8,8637.5,8930,9243.9,9547.2,9853.7,10164,10154,10276,10582,10882,11140,11687,11797,11839,12044,12350,11561,13689,11811,8225.1,6764.6,5686.8,5198.7,4863.4,4710.3,4667.9,4594.2,4517,4571.6,4636.4,4704,4663.9,4493.9,4432.4,4382.8,4293.2,4340.5,4401.8,4514.4,4584.1,4689.4,4492.3,4329.3,4333.6,4054,5031.9,5827.7,6328.6,6701.1,7125.3,7416.8,7911.1,8098.9,8400.8,7979.6,7920.8,8193.5,8315.1,8967.2,9522.5,9607.1,9602.7,9706,9761.2,9909.5,10189,10393,10661,8945.8,6709.2,5577,5120.7,4929.7,4771,4599.5,4509.4,4427.5,4362.8,4436.1,4532.6,4535.3,4474.3,4522.1,4670.6,4899.1,4994.4,5047,5095,5124.1,5253.7,5505.2,5597.7,5506.1,5409.8,5397.6,5704.2,6490.8,7275.1,7873.7,8224.8,8516.9,8835.2,9158.7,9470.3,9960.7,10169,10439,10556,10676,10874,11077,11676,12054,12248,12265,12517,12647,12289,12858,10665,7574,5993.3,5195.7,4862.6,4563.2,4368.8,4214.9,4157.9,4110.9,4171.1,4245.8,4336,4328.9,4263.5,4273.7,4321.7,4463.9,4563.2,4516.9,4483.5,4587.7,4722.2,5090,4923.8,4824.2,2954.9,5706.4,6331.7,6703.1,7065.2,7453.6,7733.5,7981.6,8207.7,8462.3,8674.8,8827.1,8952,9110.9,9266.7,9384.8,9470.3,9471.9,9399.3,9184,9106.9,9123,9312.4,9346.5,7435.8,5797.8,4825.3,4378.5,4116.8,4221.1,4138.3,4112,4084.8,4053.6,4103.6,4312.1,4639.4,4849.1,4893.9,4797.9,4639,4536.1,4548.7,4785.4,5071.7,5207.4,5336.5,5417,5396.3,5375.5,5369.7,5683.9,6396.5,6959,7465.8,7861.9,8220,8658.5,9260.7,9768.2,10181,10537,10733,11010,11305,11565,11865,12215,12561,12971,13191,13373,13676,13907,13822,14090,10552,8055.3,,,,
15411,14406,13939,13724,13477,13583,13262,13082,13040,12932,12868,12965,12878,12856,13056,13104,13144,13402,13448,14012,14264,14375,14361,14255,14163,14151,14244,13681,13115,10003,8002,6905.7,6011.6,5797.6,5628.4,5264.2,5032.5,4804.8,4566.4,4466.8,4350.1,4264,4169.1,3897.1,3881.7,4323.4,3847.9,4182.3,4212.3,4414.7,4385.6,4325.4,4464.5,4343.1,4459.7,4928.5,5642.2,6452.9,6913.4,7347.8,7773.2,8177.1,8612.7,8862.9,9080.8,9330.2,5291.1,6856.3,9091.7,9393.4,9836.7,10260,10566,10843,11128,11513,11970,12317,12574,11053,8682.5,6903.1,5770.3,5186.6,4992.8,4950.5,4968.2,4961.2,5028.7,5262.3,5479.7,5482.2,5492.7,5526.3,5568.2,5604.4,5646.4,5633.2,5560.8,5492.8,5522.5,5699.1,5942.9,6093.3,6073.9,6090.8,6442.4,7061,7674.6,8130.5,8480.2,8840.8,8978.1,9444.5,9640.8,9760.7,9899.2,10087,10748,11267,11598,11480,12226,12316,12496,12779,13381,13782,13945,14364,13572,10349,7833.9,6060.4,5269.2,5025.4,4914.1,4844.4,4776.5,4641,4610.8,4801.9,4992.6,5113,5062.4,4998.3,5050,5269.2,5764.6,5981.8,5763.9,5854.1,6052.6,6309.2,6851.3,6751.2,6888.4,7374.1,7956.5,8485.5,8627.8,9040,9462.6,9712.9,10132,10553,10931,11420,11673,11851,11936,12024,11712,11870,12133,12486,12865,13309,13832,14216,14525,11919,8860.2,7031.2,6143.5,5775,5620.8,5521,5469.7,5423.2,5547.5,5590.1,5586.2,5619.8,5714.6,5801.1,6017.3,6239.9,6427.9,6593.9,6781.4,7017.9,7358.3,7547,7586.2,7583.2,7859.9,8257.2,8697.7,9113.9,9514.5,9847.7,10115,10424,10730,11051,11394,11672,12102,12253,12324,12399,12962,13224,13498,13976,14341,14691,14959,15200,15201,11161,7706.8,6417.7,6072,5953.1,6072,6306.3,6793.7,7383,7912.7,8136.8,8138.1,8195.8,8214.5,8276.6,8388.6,8390.2,8276.3,8155.1,8187,8118.4,8121,8150.6,8669.3,8466.7,8139.9,8118,8460.2,9054.2,9685.5,10384,10589,10851,11395,11611,11906,12634,13129,13125,13174,13199,13352,13607,13763,13782,13636,13583,13677,13822,14004,14348,12222,8667.2,6993.7,6240.9,5743.4,5497.7,5409,5412.8,5362.8,5450.3,5635.3,5845.6,5912.9,6101.4,6609.3,6921,7139.4,7212.4,7192.9,7023.7,6755.8,6496.5,6400,6477.8,6456.7,6572.7,4441.1,7831.8,8547.1,9117.9,9499.2,9747.9,9989.7,5612.4,10537,10858,11062,11339,11727,12070,12387,12751,12986,13532,13935,14325,14599,14199,14308,11624,7943.3,,,,,
26561,26790,27136,27275,27497,27752,28035,28242,28428,28664,28907,29103,29266,29303,29418,29481,29576,29588,29661,29676,29658,29647,29552,29650,29551,29504,29598,29434,28282,25024,20451,17259,15155,13573,12677,12521,13085,13369,12677,12113,11633,10731,10004,9523.9,9491.6,9986.2,10802,11641,10961,10440,10530,10223,9914.8,9913.1,10482,11528,12677,13800,14533,14969,15258,15470,15783,16163,16535,16859,17190,17377,17554,17750,17953,18023,18205,18493,18796,19123,19341,19537,19655,19394,13945,11190,9368.6,8425.1,8101.9,7945.4,7888.5,8129.5,8571.8,9317.7,9426.3,8621,8315.7,8124.7,8011.7,7805.1,7637.2,7654.2,8287.8,9380.4,10358,10509,10107,10097,10663,11455,11659,12219,12889,13445,14109,14521,15021,15375,15642,15878,16177,16389,16781,16968,17211,17413,17731,17935,18156,18377,18569,18784,18642,18658,16987,12550,9800.8,8390.1,7396.7,6894,6565.2,6561.3,6787.9,7280.6,7643.2,7472,7059.2,6870.6,6899.4,7508.1,8271.4,9242.9,8522.6,8032.2,8087.4,7759.1,7135.4,6667.2,6801.6,7268.1,8827.8,10053,10656,11172,11556,11864,12467,12666,13002,13260,13524,13816,14156,14558,15022,15430,15795,16064,16247,16428,16606,16712,16817,16814,16584,11999,8974.4,7603.7,7087.6,6944.3,6974.1,6873.2,6833.5,7030.7,7804.8,8801.8,9204.6,8748.9,8412.2,8227.6,8183.5,8168.2,8462.2,9503.1,10570,11376,11937,12132,11812,10482,9034.5,8860.3,9601.9,10696,11718,12382,12924,13420,13774,14188,14377,14452,14590,14765,15004,15292,15497,15705,16032,16283,16552,16503,16491,16233,15293,10632,7753.3,6863.5,6362.6,6458.6,6200.7,6100.8,5998.5,5810.7,6130.9,6738.2,7567.9,8272.4,8950.6,9436.1,9913.4,10521,10843,10782,9788.8,8492.5,7612.7,7540.6,8012.6,7497.9,7325.6,7792.4,8748.2,9961.3,10959,11482,12070,12332,12534,12781,13073,13432,13871,14230,14510,14772,15094,15336,15538,15697,15754,15875,16024,16140,16126,14494,9425.8,7444.8,6694.4,6385,6275.3,6218.7,6214.5,6288.8,6302.8,6275.1,6152.1,6036,5963,5959,6050.7,6422.9,7289.1,8210.2,9016.4,9777.8,10351,10880,11267,9815.4,8348.2,8277.3,8946.3,9897.9,10731,11570,12243,12630,12929,13204,13498,13727,13935,13966,14141,14444,14686,14859,15000,15164,15333,15622,15905,16175,16309,16252,16313,11325,,,,
32182,31926,31911,31930,32092,32135,32165,32497,32527,32890,33046,33046,32735,32515,32486,32501,32692,32787,32926,33031,33152,33205,33298,33442,33478,33508,33407,33284,31704,24503,20303,17329,15434,14443,13739,13131,12305,11695,11373,11338,11428,11641,11616,11107,10576,10332,10136,9978.5,9814.7,9875.3,10481,11583,12484,12961,12975,13306,14032,15046,15750,16254,16639,16965,17325,17679,18019,18354,18638,18933,19212,19572,19859,20249,20664,20994,21402,21683,21854,22226,22443,18243,13137,10726,9585.9,9079.4,9018.6,9207.1,8913.5,8746.5,8772,8884.1,9287.5,10162,11474,12074,11414,11423,11973,12828,13633,14156,12852,11784,11608,11819,11602,10783,10574,11585,13097,14043,14730,15250,15861,16415,16903,17272,17654,18012,18255,18433,18916,19611,20108,20451,20720,20884,21068,21235,21572,22235,19475,14462,11429,10229,9781.3,9685,9562.9,9214.1,9509.5,10377,11102,11386,11734,10437,9397.2,9137.8,9737.8,10793,11385,11928,11879,11895,11721,11461,11684,11929,11365,11086,11931,12935,13624,14062,14406,14767,15214,15619,15996,16334,16693,16988,17311,17669,18078,18308,18481,18645,18851,19130,19438,19796,20065,16932,12401,9692.5,8210.5,7568.2,7271.4,7206.1,7358.1,7481.4,7341.6,7152.4,6651.9,5920.2,5988.4,6148.3,6453,6537.1,6675.2,7189.7,8089.3,9074.3,9450.6,9082.1,8511.1,8303.1,8725,9901.8,11044,11804,12338,12738,13167,13434,13890,14323,14686,14957,15174,15401,15596,15848,16161,16499,16868,17232,17546,17915,18221,18556,18738,18893,16642,11824,8464.4,6793,6313.6,6062.8,6096.1,6126.5,6208.6,6267.4,6249.5,6134.7,6087.4,6136.1,6149.5,5886,5706.5,5566.5,5702.2,6167.5,6872.6,7631.3,7792.8,7290.4,7658.3,7159.7,6838.6,7697.1,8793.7,9862.6,10698,11256,11882,12395,12744,13073,13281,13491,13711,9203.4,13498,13592,12944,14873,15050,15383,15881,16449,16855,17143,17331,14351,10101,7565.6,6383.8,6284.5,6476,6972.6,7404.6,7730,8120.5,9197.1,10275,11015,10547,9238.1,8419.8,8201.7,9029.1,9305.2,9150,9651.2,10427,11214,11829,12079,12188,12288,12452,12720,13158,13432,13728,14223,14551,14807,15057,15465,15668,15754,15072,15126,15531,16016,16277,16532,16841,17146,17426,17593,17759,18057,16018,11035,,
31268,31313,31301,31427,31361,31441,31454,31213,31290,31478,31555,31450,31675,31593,31340,31456,31723,31844,31890,31813,31630,31659,31902,31875,31707,31809,31828,31980,29767,23906,19744,17444,16133,15338,14693,13991,13611,13828,14692,15646,15904,15211,14905,15075,16130,15952,14816,14353,14372,14916,15852,16953,16892,14878,13631,13371,14006,15292,16749,17746,18434,18908,19409,19771,20077,20421,20642,20998,21179,21420,21601,21848,22233,22651,23257,23497,23797,23930,23963,21524,15225,12218,10871,10313,10162,10630,11643,12316,12122,11842,11793,11869,12071,12548,12864,13250,13872,14670,15177,15631,14708,13986,14213,14922,15541,15224,15206,15776,16547,17057,17432,17724,18060,18297,18501,18770,18983,19158,19390,19678,19952,20261,20696,21034,21394,21660,21925,22190,22374,21440,15748,12331,10556,9597.5,8949.1,8529.9,7978.4,7364.2,6954.2,6741,6657.4,6628,6776.4,7371.2,8719.1,8359.1,7577.2,7008.6,6756.5,6634.7,6688.8,7100.1,7860.2,9113.6,9880.9,9961.1,10045,10694,11606,12389,12862,13214,13530,13771,14059,14440,14746,14943,15104,15244,15380,15562,15760,15963,16044,16141,16275,16441,16611,16792,15643,10729,8349.5,7279.7,6927.3,6969.5,7328.5,7487.4,7536.2,7511.2,7361.5,7260.1,7514.1,8525.5,9719.4,10693,11184,11338,10724,10265,9900.8,9218,9337.1,9853.4,10236,9934.8,9372.6,9685.2,10957,12042,12579,13132,13509,13989,14375,14795,15099,15374,15722,15921,16048,16252,16687,17048,17396,17761,18029,18293,18573,18876,18537,13877,10461,8336.4,7633.9,7197.5,7182.4,6877.4,6613.5,6477.1,6640.9,6919.1,6960.9,7144,7657.5,8504.1,8969,9240.4,9169,8333.4,7883.2,7969.9,8724.9,9236.7,9324.1,9262.8,9032.4,9373.5,10276,11198,11774,12198,12543,12913,13350,14023,14317,14582,14761,14982,15244,15523,15815,16006,16092,16256,16409,16610,16881,17192,17403,17579,13662,10224,8112.7,7116.5,6827.7,6941.4,6969.9,6949.6,6987.2,7307.5,8208.4,9598.2,10590,10529,9752.8,9652.8,10064,10702,11281,11329,11248,11115,11107,11025,11287,11703,10758,10712,11314,12254,12848,13202,13730,14068,14465,14697,14885,15074,15225,15333,15375,4582.6,13146,15764,17244,16180,16146,16385,16656,16901,17428,16247,12151,9254.1,,
29600,29763,29771,29779,29560,29979,30113,30349,30479,30596,30716,30981,30667,30463,31303,31433,30699,31501,31557,31515,31478,31648,31628,31746,31456,31684,31381,31717,27330,22811,19437,17029,15108,13590,12257,11494,11012,10583,10226,9945.9,9605.5,9393.5,9532.3,9835.4,9902.7,9925.9,10328,11295,10982,10485,10360,10693,11038,10952,10927,11859,13249,14363,15381,16296,17178,17178,19329,16810,20236,20759,21165,21415,21497,21462,21447,21692,22255,22810,23434,23734,23823,23730,23672,18845,14813,12305,10633,9546,8936.9,8899.4,9412.7,10163,10708,10510,10229,10405,11376,11992,11906,11355,10693,10194,10231,11006,11825,11763,11435,11329,11631,12336,13513,14508,15370,16034,16532,17019,17674,18260,20420,19600,19548,19799,20067,20299,20378,20221,20086,20073,20068,20404,20926,21439,21691,22031,17134,13172,10547,9153.1,8428.2,8185.2,8192.2,8359,8730.6,9232.5,9663.7,9725.7,9317.6,9172.5,9616.3,10580,11578,11864,10763,9656.7,9084.9,9262.5,9829.9,9863.1,9660.3,9201,9434.5,10387,11393,12464,13303,13959,14604,15223,15782,16280,16637,17072,17553,18094,18620,19048,19377,19676,19958,20311,20709,21030,21348,21655,22000,19940,14855,11479,9356.9,8700.7,8624.1,8954.8,9610.8,10207,10040,10139,11030,12181,11923,11356,11186,10919,10819,11336,12194,12926,13412,13340,13424,13833,14052,13443,13369,13912,14717,15462,16258,17074,17882,18502,19075,19697,20191,20509,20784,21174,21521,21750,21839,22106,22260,22441,22581,22703,22659,22900,21015,14618,10927,9246.8,8542.7,8253.8,8097.5,7960.2,8006.1,8619.3,9907.7,11149,11706,11653,11247,11461,12414,13219,12906,12466,12249,12558,13467,14658,13685,12454,12252,12872,13978,14857,15764,16382,16910,17310,17726,18163,18515,18844,19232,19568,19892,20202,20452,20607,20836,21038,21382,21678,21891,22054,22142,21620,16304,11959,9768.5,8753.9,8333.4,8101.7,7850.5,7565.3,7311.6,6974,6769,6951.9,7186.4,7836.8,8723.8,9545.5,9774.9,9357.8,8659.6,8216.6,8137,8274.6,8365,8266.5,8150.9,8255.1,8900.9,9933.9,11069,11900,12499,13119,13612,14024,14608,15251,15797,16195,16343,16459,16567,16817,16812,17136,17637,17907,18197,18596,18936,19708,15224,10653,,
29723,29791,30179,30295,30479,30656,29744,31073,31197,31285,30474,31168,31364,31367,31318,31293,31349,31284,31596,31704,31768,31826,31807,32046,31945,32234,32108,32101,28631,21746,17617,15031,13194,12194,11350,10761,10524,10163,9865.7,9847.7,9906,9682.8,9239.6,8973,8806.9,8750.9,8943.3,9504.2,10179,9920.2,9577.5,10024,10661,11047,11827,12885,13947,14989,15595,16498,17219,17904,18553,19006,19324,19588,19849,20138,20597,21014,21383,21683,21952,22241,22486,22635,22930,23209,22534,16230,12504,10318,9204.1,8638.4,8536,9078.6,9267.7,9337.3,9216.7,8697.7,8350.2,8225.4,8675.1,9846.6,10375,9974.7,9478.4,9382.8,9911.5,10988,12098,11956,11133,11069,11493,12343,13320,14562,15483,15997,16367,16799,17261,17677,18268,18805,19188,19489,19800,20129,20617,21177,20278,19947,20350,21018,21606,22010,22207,22430,15625,11705,9695.7,8679.4,8135.3,8066.3,8670.6,9295.6,9317.9,9037.8,9038.6,9603.8,10626,11948,12038,11555,11377,11706,12445,13450,13347,11775,10254,9685.6,9720.8,9782.4,8381.7,19914,13108,13947,14735,15404,16068,16528,16837,16990,17495,18019,18603,19118,19538,19763,19941,20234,20546,20847,21070,21332,21609,22020,21729,16288,12316,9800.5,8476.3,7665.9,7235.8,7178.8,7492.8,7862,8021.4,7855.1,7597.9,7428.1,7665.5,8222.1,8787,9375,9536.8,9524.3,9286.7,9015.3,9074.4,9539.3,10100,10285,10318,11060,12030,12928,13419,13965,13921,14440,15036,15720,16237,16611,17019,17519,18010,18448,18781,19071,19302,19534,19668,19848,19958,19926,20083,17425,12293,8996,7516.5,8282,8240.8,8563.9,9313.5,9052.3,7010.5,8076.9,3381,9550,7919.9,7408.7,8669.3,8820.9,7429.5,8120,8664.4,8315.5,7773.3,7516.1,9839.2,8514.7,8878.1,8575,9100.8,10153,10973,11686,12263,12877,13481,14113,14779,15281,15947,16460,17000,17520,17991,18292,18558,18839,19119,19540,20008,20492,20845,21201,19619,14550,10566,8657,7960.6,8209,8933.8,9574.6,10247,10780,11224,10708,10523,11184,12025,12513,11961,11203,11335,12290,12588,12182,11791,11898,12684,12623,11098,11013,11773,12800,13811,14673,15617,16350,16960,17526,18049,18477,18883,19288,19850,20230,20584,20902,21156,21431,21845,22395,22847,23202,23309,23195,17442,12530,,
35440,34323,34275,34200,34121,34079,34148,33619,34039,33959,34083,34264,34364,34361,34523,34232,34547,34600,34682,34609,34617,34576,34340,34531,34415,34453,34358,34208,32466,25456,20369,16415,14026,12268,10852,9824.8,8773.1,8211.2,7820.9,7608.7,7352.8,7099.3,6957.7,6948.9,7500.5,7418.9,7799.2,7779.4,7725.7,7745.6,7697.5,7699.9,7860.2,7945.6,8122.3,8602.1,9796.6,11242,12361,13540,14743,16030,17223,18370,19393,20334,21055,21556,22159,5187.6,4786.6,12319,21243,21243,10716,18409,22892,22918,22957,19175,14236,11265,9421.4,8114.6,7251.3,6627.5,6443.3,5997.2,6563.2,6479.7,6308.2,6118.9,6019.1,6526.9,6813.4,6901,6832.8,6799.6,6868.7,7206.4,7324.9,7249.6,7166,7174.4,7180.2,7212.9,7538.9,8666.4,10024,11212,12013,12763,13469,14192,14873,15569,16222,16839,17314,17868,18344,18862,19428,19927,19464,20638,21063,20508,21982,22354,16971,12872,10114,8498.5,7324.2,6703.4,6069.4,5764.5,5605.2,5573.4,5575.7,5844,6216.4,6725.1,7198.4,7898.4,8547.5,9034.1,9342.4,9737.5,10061,10257,10003,9316.6,8786.6,8674,8957.1,9996.4,11146,12047,12824,13440,13946,14432,15269,16092,16962,17484,17709,18416,19223,19807,20103,20452,20928,21419,21912,22433,22895,23228,23576,19151,13998,10877,8770.9,7473.3,6653.5,6160.8,5930.5,5907.5,6109.7,6512.7,6780.5,7087.3,7424.4,7930.1,8263.7,8323.7,8278.4,7803.8,7509.9,7132.1,5907.2,7273.4,7224.5,6850.6,6351.2,5885.9,5913.1,6613.3,8023.2,9169.8,10193,11259,12094,12762,13518,14113,14730,15409,16083,16575,17580,18026,18507,18949,19269,19563,19817,20122,20659,21298,21133,16052,12249,9481.5,7861.2,7179.4,6822.1,6595.5,6675.5,6325.7,6109.7,6299.6,6691.8,7452.9,7651.3,7540.3,7331.5,7106.7,6960,7024.3,7199,7173.4,7112.8,7036.8,7178.4,7373.9,8147.9,9164.9,10216,10941,11679,12362,12991,13592,14713,15307,15820,16320,16320,8723.4,11027,18710,19910,20532,20775,20724,20390,20973,22014,23090,23721,23484,17941,13527,10231,8350.2,7577.5,7126.1,6759.9,6426.5,6010.8,5727.5,5536.9,5623.1,6120.8,6611.6,6908.6,6861.6,6744.3,6651.6,7117.9,7684.8,8209.9,8778.8,9202.6,9147.2,9332.5,9738.6,10325,11052,12025,12737,13431,14366,15257,16230,16956,17679,18041,18615,19040,19647,20087,20602,21084,21584,22059,22139,22897,23286,23645,23925,24398,20072
32297,32288,32390,32356,32389,32200,31697,32133,32063,32214,32457,32534,32557,32557,31755,32934,33081,32901,33033,33268,33127,33076,33135,33007,33131,32721,33309,33490,31069,25041,19228,15293,13079,11731,10471,9435.5,8541,7821.9,7357,7090.4,6867.1,6676.5,6715.8,6696.8,6717,6533.2,6464.6,6399.9,6209.6,6108.1,6040.8,6017.8,6336.6,6454.6,6712.9,7413.8,8281.7,9361.3,10448,11481,12511,13420,14038,14681,15145,15983,16360,16688,17129,17181,18387,18989,19634,20295,20857,21491,22142,22833,23223,21102,15318,11663,9336.3,8055.2,7577.2,7449.3,7379.5,7366.1,7244.2,7055.9,6579.3,6559.4,6417.9,6269.7,6319.1,6534.2,6614.1,6492.8,6433,6392,6428.9,6816.3,7372,7970.1,8490.9,8928.6,9476.2,10373,11241,12134,12923,13643,14282,14969,15532,16025,16719,17065,17713,17918,17960,18020,18153,18481,19063,19812,20080,20794,21162,21560,20111,13593,9860.1,7926.2,6892.9,6214.6,5898.6,5704.8,5836.5,5949.7,5755.7,5617.2,5609.5,5750.6,6133.8,6932.4,7612.8,7798.3,7414.7,7287.1,7131.7,7328,7959.1,8438.1,8614.7,8024.9,7691,7826.2,8769.4,10116,11381,12437,13422,14231,14956,15594,16170,16790,17374,17775,18087,18393,18753,19073,19450,19658,20152,20241,20241,20818,21032,21251,15748,11575,9243.2,7863.1,7025.5,6467,6214,6089.5,6072.1,6102.2,6172.8,6087.7,5925.8,5708,5643.1,5813.2,5956.5,6081.7,6255.9,6475.4,6659.4,6667.2,6446.9,6303,6349.3,6728,7429.5,8374.7,9468.1,10395,11121,11878,12606,13237,14017,14818,15667,16138,16138,22965,18509,18914,19364,19594,19594,19594,24339,19181,18767,18929,18895,13412,9550.8,7190.9,6098.4,5446.2,5133,4977.6,4759.3,4802.7,4915.1,5015.3,5152.8,5503.1,6171.6,6858.2,7201,7332.7,7376.7,7978.1,8655.5,8335.3,7674.4,7484.3,7913,8135.1,7937.6,8190.2,9198.6,10276,11070,11813,12554,12991,13651,14307,14931,15350,15781,15761,16576,17099,17699,18305,18971,19460,20068,20507,20951,21349,20449,15127,11718,9234.8,7670,6655.9,6421.5,6393,6247.4,6288.7,6101.7,5661.9,5297.2,5183.5,5146.8,5206.2,5318.9,5341.6,5351.1,5416.3,5768.4,6305.2,6555.1,6718.1,6675.7,6639.7,6631.7,6760.1,7942.9,8935.9,9789.8,9789.8,14979,10383,12492,13023,13394,13565,13618,13715,14122,14946,15773,16443,16952,17336,17779,18262,18924,19334,19919,17393,12784
30487,30295,30082,29975,29793,28845,28398,28408,28691,28832,29080,29007,29171,29615,29459,29541,29264,29239,29085,29009,28644,29048,29117,29033,28702,28544,27507,27977,25840,18704,13820,10936,9289.7,8237.7,7564.7,7164.4,6893.2,6736.7,6752.5,6757.6,6688.2,6598.8,6546.3,6658.5,6745.7,6897.2,6970,6945.7,6873.6,6846.8,7191.2,7777.7,8473.6,9061.8,9308.4,9357.1,9849.6,10894,12236,13338,14054,14726,15268,16223,17100,17830,18338,18825,19159,19723,20303,20825,21215,21878,22442,22943,23262,23483,23541,21860,15672,11671,9301.1,7787,7013.2,6670.8,6507.7,6688.5,6977.9,7208.8,7363.3,7492.1,7813.4,8196.6,8219.9,7692,7112.1,6725.3,6525.8,6455.8,6552.2,6534.1,6457.3,6516.4,6780.3,7056.5,8041.1,9574.3,10757,11597,11597,9444.9,14535,15492,16280,16922,17219,17231,17485,18294,19425,20409,20819,21203,21702,22278,22669,22978,23241,18505,14228,10535,8332.3,7113.7,6438.4,6114.7,5913.2,5642.9,5405.3,5210.4,5223.1,5252.9,5296.4,5315.5,5308.8,5346.7,5394,5498,5709.9,5816.9,5789.3,5825.8,6093.2,6421.9,6865.5,7697.1,9001.8,9968.1,10617,11274,11804,12418,13277,14177,14818,15200,15631,16144,16739,17364,17949,18557,18874,19518,20124,20648,21113,21301,21457,20884,15675,11441,8670.7,6962.8,6249.6,6047.8,6148.4,6373.3,6678.7,6738.7,6376.4,6133.9,6276.1,6675.5,6737.1,6473.6,6154.5,5883.2,5857.3,6063.7,6218.1,6170.6,6093.3,5985,5877.6,5833.6,6359.3,7703.1,8726.8,9618.7,10526,11256,12079,13064,13802,13802,15871,15646,16062,16496,16662,16681,16754,17029,17594,18453,19185,20169,20718,21461,18414,13141,9727.1,7724.3,6506.7,6146.6,5999.5,5849.1,5623.2,5532.8,5854.3,6743.1,7307.1,7513.6,7433.4,7358.3,7422.6,7957,8480,8498,8033.4,7513.2,7449,7781.7,8360.8,8826.5,9452.7,10467,11404,12255,12963,13559,14189,14798,15349,15834,16267,16661,17022,17374,17820,18338,18835,19215,19623,20134,20697,21181,21397,21561,21588,18990,12411,8904.8,7098.2,6371.6,5968.1,5781.7,5695,5692,5625.4,5501.9,5411.8,5443.7,5586,5747.2,5889.9,6054.6,6411.3,6908,7264.6,7747.4,8136.3,8545.1,8833.2,8980.3,8899.5,8434.5,8428.4,9036.4,10160,11183,12088,12946,13773,14350,15303,15998,16717,17332,17779,18371,18720,19023,19289,19658,19950,20187,20420,20603,20655,21107,16737,11440
33845,33146,33326,33395,33423,27377,27377,7696,18237,25467,31214,32394,32257,17232,25116,27465,29158,31813,17406,27465,32570,33356,33438,33466,33633,33676,33706,33813,30587,23693,21601,18357,15663,13477,12116,11199,10694,10356,10035,9729.1,9479.1,9149.9,8860.4,8725.3,8644.9,8655,8706.7,8686.6,8845.7,9151,9619.3,10170,10573,10442,10503,11458,12889,14305,15421,16418,17384,18554,19992,21023,21801,22349,22832,23277,23745,24099,24703,24967,25298,25667,25915,26318,26426,26527,26732,25553,20213,16003,12776,10900,9636.4,9010.2,8727.5,8538.2,8385.4,8301.9,8524,8623.5,8575.7,8377.2,8259.8,8405.9,8859.2,9689.4,10788,11191,10978,10313,9800.9,9625.8,9510.3,9502.3,10285,11528,12940,14087,15040,16086,17200,18242,19107,19778,20231,20648,21084,21509,22190,22868,23439,23847,24180,24266,24655,25105,25703,25329,19523,14935,11381,9358.1,8549.3,8078.7,7773,7619.6,7645.5,7852.8,8384.6,9107.9,9936.6,10466,10341,9880.3,9485.9,9837.6,10869,11835,12365,12017,10998,10247,9708.8,10035,11014,12105,13479,14314,15147,16168,17141,18034,18719,19483,20164,20781,21363,22055,22544,22866,23134,23461,23816,24294,24758,25268,25681,25858,26298,25535,18638,13689,10854,9600.3,8906.9,8510.7,8364,8442,8798.1,9397.7,9530.5,9459,9314.4,9445.8,10062,10965,11842,12215,11642,10915,10105,9463.4,9139.2,9126.3,9023.1,9248.3,10168,11443,12710,13767,14888,15829,16780,17726,18487,19128,19374,19758,21025,21690,22054,22434,22836,23044,23005,22879,23146,24041,24888,25603,23637,17091,12466,10028,8895,8329.8,7958.3,7650.4,7578.3,7674.6,7868.8,8204.3,8593.4,8753.5,8646.8,8377.8,7970.4,7987.8,8466.6,9074,9533.3,9579.8,9522.4,9671.3,9552.8,9765.2,10480,11700,13213,14429,15372,16052,16575,17204,17699,18190,18621,18812,18981,19150,19126,19854,20532,21282,21867,22345,22682,22882,22940,23014,20132,13912,10853,9010.6,8118.5,7606.2,7404.9,7400.4,7557.4,7794.5,7854.1,7675.3,7527.3,7370,7293.6,7272.6,7324.5,7426.7,7726.7,8173.4,8642.9,9434.5,10012,9356.6,8394.9,7970.4,8073.8,8643.2,9811.3,11341,12775,13755,14442,14913,15434,15932,16681,17439,18177,18659,19414,19872,20116,20535,20865,21375,21767,22123,22276,22375,22409,22562,20057,13797
20763,20147,19279,19151,18773,18678,19008,19339,19738,20403,21156,21760,22253,22903,23813,24569,25461,26028,26441,26299,26225,26282,26506,26846,27142,27254,27191,27252,27008,21655,16620,13177,10392,8959.5,7969.9,6732,6988.3,6085.2,6185.9,6891.1,8613,8843.6,8607.5,8490.1,8907.7,10301,10447,10488,10971,10768,10385,10282,10190,9593.4,8954.4,8884.2,9658.3,10859,12017,13105,13911,14721,15453,16027,16249,15724,14538,14010,14205,15362,16263,16711,16245,15756,16056,16712,17192,17555,17659,16157,11868,8929,7185.9,6371.3,5862.7,5493.9,5247.2,5221.6,5420,5303.1,5088.5,5194.9,5614.6,6902.8,6966.9,6104.5,5527.8,5210.1,4995,5031.7,5033.9,4885.4,5190.9,5987,6308.2,6200.1,6726.6,7568.6,8565.4,9620.6,10306,10005,9939.4,10372,11097,11840,12612,13317,14106,14581,14928,15168,15424,15554,15521,14562,13771,13297,13157,14540,14111,12968,9165.5,7007.3,4959.3,4282.7,4148,4227.2,4135,4726.6,4907.8,4809.5,4809.5,4842.5,4998.7,4528,4877,5659.7,6056.2,8228.3,8769.9,6734.5,5583.2,7110,7728.8,8615.5,9551.5,10447,11240,11937,12721,13490,14033,14534,14994,15419,15905,16372,16608,17046,17497,17730,17951,18172,18063,18010,18749,19857,20660,21284,21763,21932,17859,11995,9391.2,8296.4,7621,7086.4,7036.4,7314.3,7040.5,6542.8,6358.9,6453.5,6887.5,7321.6,7994.4,8819,8472.5,8156.6,8061.2,8198.7,8641,8370.2,7955.1,7738.3,7791.9,8174.3,8918.3,9924,11098,12223,12947,13461,13970,14488,15071,15764,16572,17369,18078,18643,19121,19490,19859,20396,20972,21354,21599,21707,21888,22082,22451,18437,13478,10871,9814.5,9207.7,8021.9,8185.8,9224.5,9250.7,9540.9,9525.5,9202.8,8298.3,8240.7,8874.1,9773.2,9542.9,8901.5,10969,12148,13207,14019,14724,15415,16071,16680,17158,17524,18071,18713,19171,19525,19953,20326,20832,21268,21618,21814,21912,21936,21929,22063,22186,22057,22030,22096,22339,22762,23302,23827,24150,19199,14144,11122,9264.1,8075,7181.2,6490.6,6265.5,5905.2,5992.3,5694.9,5912.6,6328.2,6459.1,6716.3,6236,5906.9,5776.6,5931,5633.2,5534.8,5513.4,5562.2,5440.3,5372.6,5674.2,6264.4,4765.4,7581.9,9250.9,9706.9,10136,11098,11154,11728,12519,13113,13236,13772,14019,14019,20535,13678,13933,13933,514.63,11041,16134,16588,16704,17313,16002,12312,9516.1
24027,24168,23936,23784,23706,23679,25212,25309,25362,25520,25661,25341,25341,30062,943.23,2489.4,6518.7,20540,23508,23657,23742,23665,23536,23117,22797,22683,22710,22951,22062,16521,12771,11076,9781.3,9057.9,8489.3,8295,8283.9,8322.9,8293,8373.6,8832.3,9094.4,8813,8276.1,8100.8,8314,9000.3,9322,9223.7,9076.5,9111.2,9311.7,9845.6,10724,10724,20212,12804,13215,13756,14385,15076,15494,15763,15996,16218,16353,16405,16712,17235,17830,18327,18720,19147,19602,19962,20354,20805,21199,19167,13878,10381,8230.7,7257.5,6539,6101.8,5887.9,5714.8,5642.9,5697.9,6105.7,6775.7,7771.8,8706.4,8931.7,8401.9,7786.8,7220.3,6722.9,6344.3,6351.7,6629.3,6879.4,7185,7980.1,8980.1,10130,11340,12141,11503,13273,14057,14536,10485,15420,15843,15959,15912,16057,16237,16524,16732,16824,16956,16858,16969,17349,17678,17940,17806,16120,11589,8941.2,8064.9,9295.2,10601,10512,11368,12308,12714,12422,12870,13713,14109,14252,14333,14424,14940,14967,14674,14101,13955,14248,14956,15640,15844,15439,15799,16420,17144,17840,18549,19109,19555,19670,19728,19810,20102,20437,20760,21148,21422,21680,21893,22100,22263,22384,22424,22391,22399,21566,15049,10496,8392.8,7631.2,7290.8,7096.9,6938.9,6792.1,6674.7,6597,6467.3,6563.4,6544.3,6491.2,6487.3,6351.9,5984.9,5805.8,5955.7,6227.2,6456.2,6854.3,7527.6,8364.3,8273.5,8328,9094.5,10159,11236,12170,12999,13780,14340,14872,15294,15689,16070,16410,16722,16999,17118,17146,17281,17510,17166,16649,16903,17399,17885,18397,16697,12193,9421.7,9697.6,9296.3,9307.6,10229,9964.6,11223,11201,10640,10345,10297,10125,11211,10433,10192,9492.1,10586,11443,12000,11997,11120,10619,11413,12485,13288,14174,14572,14819,15188,15847,16446,16824,16913,16990,17100,17187,17278,16012,17893,18140,18306,18480,18760,19079,19350,19600,18744,19534,19688,19691,14503,9819.7,7834.8,7147.5,6787.6,6586.8,6763.8,7385.4,7785.7,7837.1,7697.3,7640.9,7479.1,7604.2,7880.1,7818.9,7569.9,7901.5,8241.4,8248.7,8418.4,8797.6,9314.7,9450.4,9565,9615.9,9695.2,10195,11210,12264,13193,13865,14338,14750,15068,15397,15798,16245,16574,16916,17100,17147,16983,16556,16430,16771,17218,17284,16988,16842,17214,15330,10681
21402,21403,21412,21496,21499,21468,21466,21450,21468,21418,21538,21623,21716,21800,21834,21913,21960,22080,22169,22209,22218,22286,22322,22351,22353,22314,21805,22248,19860,15761,12206,9167.2,7408.9,6213,5467.4,4906.7,4383.9,4695.7,4330.5,4219.1,4126.6,4249,4501.8,4748.9,5228.2,5111.2,4935.3,4195.7,3841.1,3589.6,3526.2,3404.9,3506.4,3481.5,3562.2,3958.8,4433.1,5158.3,5810.4,6415.1,7183.5,7891.8,8417,9123.6,9680.2,10214,10862,11632,12357,13107,13705,14156,14521,14905,15169,15370,15558,15687,15745,13982,10574,7915.4,6454,5686.9,5373.8,5062.6,4704.9,4435.1,4305.3,4404.9,4398.7,4187.2,3964,3947.3,3974,4240.9,4407.4,4349.4,4192.8,4082.8,4072.9,4192.5,4528.3,4711.9,4956.3,5279.4,5750.3,6420.6,7020.2,7577.9,8182.1,8839,9481.9,9938.8,10452,10863,11315,11797,12239,12679,13099,13428,13450,14030,14393,14795,15081,15354,15572,15650,15960,13525,9835.5,6905.2,5671.5,5045.8,5161.6,4978.2,5012.5,5727.7,5957.4,6711.4,7054.6,7046.7,6794.4,6531.8,6429.2,5906,5964.8,5997.4,5516.4,5162.2,4486.9,4143.4,4267.2,4648.6,5102.7,5492.3,5905.3,6505.4,7173.4,7887.1,8435.7,8892.2,9325.1,9777.3,10270,10807,11434,11912,12303,12573,12829,13101,13332,13556,13852,14119,14386,14766,15224,15621,14477,9839.7,7391,5993.2,5221,4801.9,4526.3,4328.1,4296.9,3931.2,3965.8,3904.4,3786.9,4036.2,4176.6,4078,4182.2,4149.7,3996.7,3905.6,3937.9,3957.9,3860.5,3743.7,3823.1,4325.2,4211.6,4710.8,5332.7,6111.4,6789.6,7388.1,7862.8,8347.2,8916.3,9337.7,9822.1,10313,10647,10987,11380,11779,12110,10078,12960,13318,13573,13825,14103,14145,14266,13426,9169.3,6409.9,5620.3,5038.2,4704.6,4406.3,4042.5,4335.6,4325.5,2170.9,2944.1,6899.9,6007.2,6652.2,6302.3,6116.6,6451.8,6971.3,7133.5,6204.8,5304.9,4773.7,5365.2,4415.7,4261.2,4164.8,4188.2,4530.4,5385.2,6318,7259.9,7852.2,8400.8,8946.5,9413.9,9768.7,10175,10502,10834,11066,11311,11390,11786,12057,12364,12661,12971,13314,13649,13939,14218,11575,8403.1,6407.2,5724.8,5250.2,4799.8,4404.4,4187.5,4071.8,4032,3923.6,3755.8,3613.6,3377.8,3171.5,3085.4,3109.4,3129.1,3162.8,3241.3,3314.9,3815.7,3818.6,3868.5,3950.9,3794.5,3583.3,3583.3,4278.8,5467,5619.5,6094.1,6527.6,6969.6,7429.9,8193.9,8697.7,8675.9,9232.8,9820,10477,11103,11714,12112,12345,12534,12739,12924,13210,13543,13904,12013,8734.1
20556,20467,20451,20452,20600,20736,2106.1,18918,20724,20528,20292,20230,20259,20332,20421,20594,20906,21145,21235,21140,21052,20926,20815,20658,20633,20481,20651,20670,20246,15332,11628,9278.8,7756.9,6748.8,5925.9,5256.2,4862.8,4943.1,4649.3,4464.6,4171.2,4091.5,4201.4,4563.3,4880.2,4991.2,5105.1,5265.9,5361.4,5431.6,5415.3,5345,5071.5,4797.3,4955.5,5237.8,5758.1,6597.9,7427.2,8001.4,8522.4,8989.2,9504.8,10190,10848,11381,11779,12143,12349,12617,12847,13097,13405,13633,13790,13872,13891,13886,13946,14063,10217,7462.2,5841.8,5244.8,5070.5,5042,4941.3,4987.8,5159.4,5362.1,5394.2,5288.4,4973.9,4660.4,4466.5,4317.6,4212.3,4136.7,4167.4,4234.4,4447.7,4737.7,4959.6,5189.9,5615,6058,6399.4,7000.2,7676.3,8192.4,8687.4,9057,9443,9954,10582,11000,11343,11569,11777,12047,12388,12694,12950,13171,13334,13549,13802,14159,14662,15096,15003,10696,8395.7,6381.5,5145.5,4841.1,4634.6,4723.3,4981.3,5716.1,6444.8,6603.6,6124.7,5803.5,5733.7,5541,5073.9,4940.2,5547.7,6440.1,7094.4,6813.7,6130.2,5699.1,5664.5,5884.4,5722.2,5509.8,5905.8,6566.3,7282.5,7999.3,8661.7,9234.1,9902,10416,10885,11259,11636,11990,12636,13128,13541,13884,14120,14255,14414,14691,14912,15098,15319,15083,11604,8421.1,6527.5,5585.2,5021.9,4780.5,4749.5,4988.4,5470.8,6033.3,6006.2,5863.4,6094.3,6518.8,6604.5,6314,6290.8,6813.2,7656.5,8238.5,8241.7,7597.7,7412,7710.8,8457.1,9040.2,9380.8,9811.7,10342,10813,11272,11612,11953,12157,12491,12753,13129,13452,13759,14174,14429,14630,14802,14989,15240,15509,15774,16005,16090,16261,16234,12444,8927.9,6735.3,5391.5,4743.6,4461.6,5167.6,4384.8,4350,4423.7,4833.4,5244,5736.2,6108,6262.6,6294.6,6301.7,6229.9,6453.3,7005.1,7463,7674.5,7060.7,6837,7030.7,7495.9,8051.3,8514.5,8945.1,9373,9756.3,10240,10800,11288,11735,12109,12319,12542,12773,12976,13199,13333,13513,13648,13822,14066,14343,14539,14842,15119,15121,10657,7430.2,5850.7,5222.9,4787.9,4530.8,4367.8,4347.1,4574.1,4899.1,5272.7,5724.1,6082.7,6314,6344.4,5916.1,5534.9,5275.2,5071.7,4813.6,4525.1,4370.4,4262.5,4141.6,4052.1,4005.3,4101.3,4446.6,5021.1,5878.1,6715.7,7284.7,7848.9,8330.3,8715.5,9064.4,9337,9677.3,9971.5,10152,10317,10354,10582,10861,11180,11492,11518,11474,11606,11741,11883,11548,7274.2
20343,20443,20497,20676,20736,20824,20816,20819,20687,20983,21078,21187,21183,21088,20967,20913,20844,20939,20956,21178,21238,21384,21451,21560,21664,21709,21793,21858,20519,15961,12400,10080,8399.9,7286.7,6747.2,6606.5,6717.5,6875.4,7113,7370.3,7332.2,7099.2,7231.4,7556.3,7940.5,8097.4,7716.5,7163.6,6876.4,6901.6,7004.8,7150.3,7422.9,7801.2,8370.5,9082.9,9761.1,10378,10794,11266,11829,12469,13139,13635,14001,14257,14472,14620,14714,14844,14928,15047,15107,15145,15247,15433,15808,16367,16772,16560,12857,9546.1,7541.6,6442.2,5870.1,5691.8,5690.9,5807.9,5959.6,6166.8,6566.8,7236.9,7379.5,7140.6,6934.9,6644.3,6211.2,5881.4,5815,5440.2,4966.2,4650.4,4475.7,4396.9,4304.8,4199.1,4284.1,4672.2,5240,5952.3,6582.1,7197.5,7964.5,8611.1,9132.7,9529.1,9780.2,10057,10261,10427,10817,11353,11862,12311,12736,13093,13447,13896,14198,17263,14744,11910,8401.7,6331.7,5057.7,4525.5,4328.5,4855.6,4767.8,5057.9,4742.9,5267.8,5438.9,5026.8,4538.2,4186.7,3976,3985,5407.9,5529.3,6265.2,6221.7,5541.7,4932.8,4819.3,5393.6,5391.1,4970.8,4982.6,5285.7,5896.5,6567.5,7195.2,7865,8380.4,8882.4,9295.6,9629.3,9971.8,10342,10691,10952,11214,11436,11627,11839,12032,12344,12524,12600,12744,12911,12747,9131.1,6239.2,4867.9,4449.5,4414.6,4603.7,5105,5627.2,5734.6,5520.9,5503.9,5586.9,5596.3,5609.7,5601,5408.8,4709.3,4235.3,4206.3,4383.9,4605.5,4847.2,4870.4,4830.6,4773.4,4752.7,4855.9,5190.8,5698.5,6331.3,6983.2,7523.8,7986.4,8420.3,8868.2,9188.2,9498.2,9843.6,10206,10517,10875,11142,11399,11669,11921,12155,12445,12685,12973,15529,13633,12378,7643.8,5199.9,4094.2,4163.5,3988.8,3809.2,3782.5,3544.2,3178.8,3257.8,3233.8,3201.4,3606.5,3811.1,3311.3,3513.2,3986.3,5118.4,5408.6,5404.9,5305.2,5313.4,5732.9,6272.6,6597.1,6803.1,7025.1,7399.4,7903.4,8412,8920.1,9454.3,9962.4,10467,10935,11312,11670,12009,12390,12817,13225,13578,13914,14206,14428,14632,14810,15091,15412,15781,13842,9825.7,7319.7,6305.8,5647.6,5176.6,4867.5,4626.3,4466.5,4402.6,4498.9,4700.1,4811.7,4973.6,5368.5,5931.6,6207.8,6099.3,5955.7,5842,5629.1,5401.4,5649.7,6047.8,5816.3,5387.7,4993.3,4890.5,5295.8,6198.6,7103.1,7727,8388.1,8857.3,9340.2,9820.2,10423,11024,11720,12278,12886,13375,13720,14023,13713,13765,13683,13710,13851,14063,14293,12584,8736.1
32511,32550,32478,32325,31301,32440,32441,32370,29079,31844,32512,32622,32688,32759,32847,31493,32289,33078,33212,33235,33137,33081,33025,33022,32958,33097,32965,32874,29717,24549,19759,16737,14650,13419,12549,11878,11312,10795,10407,10124,9929.7,9870.3,9968.5,10366,10924,10844,10377,10248,10431,10961,11706,12691,13487,14002,14667,15654,16787,17733,18609,19505,20604,21538,22326,22927,23373,23500,23761,24447,25052,25579,25935,26230,26367,26504,26843,27462,27995,28353,29530,26295,19943,15096,12606,11144,10428,9930.7,9580.5,9260.9,9008.3,8989.6,9107.7,9320,9575.6,9721.4,9630.9,9560.7,9490.1,9507.1,9619.7,9829.2,9922.8,9913.5,10154,10049,10139,10733,11707,13232,14219,15312,16521,17727,18747,19801,20691,21477,22212,22767,23327,23793,24248,24645,25067,25493,25798,25995,26143,26241,26044,20579,14498,11551,10279,9541.5,9070.2,8726.6,8455.4,8420,8456.3,8461.7,8554.1,8709.7,9072.9,9792.8,10544,11161,11051,10805,10572,10511,10644,11215,12376,12345,11545,11375,11974,13066,14293,15627,16899,18030,18982,19847,20594,21259,21738,22195,22530,22809,23003,23178,23414,23620,23938,23863,23878,24232,24657,25683,23792,17049,13549,11920,11185,10828,10732,11104,12319,13181,13195,12949,12708,12580,12394,12253,12238,12702,13412,13983,14070,14139,13864,13165,12295,11800,12054,12979,14475,16034,17205,18047,19040,20025,20935,21725,22080,22253,22645,23108,23530,23927,24263,24818,25542,25898,26291,26650,26978,27328,25454,19002,14461,12273,10832,10293,10031,9964.3,9964.1,10227,10932,12168,12986,13246,13189,12701,11603,10929,10781,11249,12049,12466,12273,11635,11157,11082,11702,13208,14966,16258,17111,17797,18542,19363,19924,20513,21071,21433,21753,21915,22025,22451,23183,23825,24359,24665,24902,25095,25192,25820,20546,15155,12142,10439,9583.7,9113,8909.2,8955.8,9033.6,9086.1,9197.5,9379.3,9799.2,10099,9659.1,9070.5,8803.4,8843.9,9414.4,10197,10920,10958,10376,9843.6,9685.5,9631.5,10221,11126,12587,13875,14606,15311,15847,16442,17431,18509,19411,20083,20570,20896,21268,21705,22171,22558,22865,23097,23224,23444,23558,23402,19996,14576
31046,30940,31228,31187,31366,31379,31174,31252,31204,31180,31063,31125,31112,31087,30929,31076,31014,30815,30809,30771,30794,30628,30426,29960,29956,29945,29958,29851,24473,19102,14772,12279,11058,10376,9967,9708.5,9528.1,9307.8,9255.6,9347.2,9449.6,9591.8,9703.5,9703.9,9599.4,9543.6,9615.4,9712.3,9810.9,9739.9,9506.1,9283.3,9376,10269,11246,12449,13616,14684,15908,17103,17979,18687,19257,19597,19901,20374,21008,21641,22248,22679,23068,23537,23999,24477,24820,24962,25389,24489,18240,13377,10682,9595.9,9112.9,8800.2,8458.5,8158.3,8095.9,8164.3,8147.1,8012.9,7816.2,7678.8,7601.4,7536.3,7447.5,7570.6,7762.8,8043.1,8518.4,9102.8,9382.7,9513,8692,8444.1,7950.5,9754.9,10838,12115,13275,14272,15200,15946,16552,17181,18011,18949,19826,20332,20579,20741,20904,21181,21654,22152,22561,22859,23088,23280,22835,16248,11529,9603.2,8685.3,8138.6,7711.7,7490.2,7413,7593.2,7886.2,8275.7,8581.8,8457.3,8241.1,8168,8138.6,7955.9,7851.4,7822.9,7845.4,7781.2,7551.7,7474,7468.3,7461.4,7659.6,8361.5,9620.9,10975,12320,13125,13797,14413,15243,15995,16692,17167,17550,17840,18299,18659,19053,19351,19424,19375,19654,19975,20207,21180,18153,11983,9154.9,8089.7,7570.1,7241.6,7043.2,6949.8,6946.7,7099.8,7425.1,7627.6,7568.5,7205.6,6942.2,6891,7062.4,7317,7551.2,7954.6,8149.4,8134.3,8239,8757.5,8516.8,8506.5,8930.8,10084,11170,12351,13364,14125,14845,15425,15864,16291,16854,17431,17973,18455,18784,19053,19232,19426,19571,19689,19579,19426,19378,19656,20211,15271,10563,8894.4,8080.8,7596.4,7221,6898.2,6677,6628.2,6696.2,6677.8,6704,6893.9,7317.1,7919.6,8359.9,8431.6,8233.1,7848.9,7632.5,7530.8,7860.6,8502.5,8810.8,8718.8,8553.7,8800.7,9816,11344,12585,13321,14004,14510,15100,15807,16546,17187,17796,18599,19246,19750,20238,20830,21363,21680,21912,22127,22283,22280,22056,16509,12311,9683.5,8478.5,7790.3,7275.3,6953.5,6708.3,6528.1,6436.9,6504,6681.9,7056.4,7448.8,7704.1,7870.2,7996.8,7999.4,7898.8,7815.7,7987.1,8268.4,8163.5,8031.2,8000.6,7642.7,7997.8,9443.8,10878,11757,12557,13252,14016,14824,15758,16422,16827,17178,17416,17735,18175,18774,19225,19527,19732,19957,20270,20673,20867,21038,15921,11867
26069,26238,26277,26404,26460,26645,18587,22557,27472,27364,27422,27431,27324,27156,26871,26623,26504,26567,26731,26948,27002,27195,27376,27374,27545,26603,27777,22483,27252,23852,19339,16744,14902,13534,12431,11605,10851,10347,9878.3,9528.2,9235.4,9051.2,8895.2,8698.6,8706.6,8988,9329.5,9421.3,9366.6,9101,8730.6,8495.8,8609.8,8906.9,9420.1,10006,10805,11731,12506,12506,21570,11737,15386,15903,16501,16911,17188,17330,7650.7,12985,16078,22124,11626,20147,12589,2737.4,9539.3,18077,19348,15843,12354,10310,9183.5,8410.9,7948,7880.2,8260.7,8930.9,9624.2,10360,11076,11763,3906.7,13012,14033,14200,14214,14427,14572,14635,13971,12888,12391,12084,12013,12081,12486,13333,14197,2796.3,11017,15836,16401,17189,18124,18923,19378,19378,17919,23921,20536,20536,20536,29618,21465,21392,21360,21322,21342,21349,18614,14801,12132,10554,9559.2,8845.6,8573.2,8873.6,1503.1,5930.7,11100,11590,12182,9124.8,9124.8,21344,14155,14415,14377,14150,14275,14562,4835.4,14001,13103,12210,11723,12299,12886,12886,12886,15260,22036,20030,17411,17411,16968,19113,14870,17871,17871,32501,17424,18694,19125,19344,19861,19861,16424,13925,20175,17429,14156,11831,9590,8201.2,7315.9,6968.3,6824.6,6751.8,6882.4,7254.5,7531.6,7554.8,7400.1,7201.3,7196.7,7286.7,7370.3,7374.2,7696.8,8501.1,8583.7,9117.5,9478.4,9636.5,9707.3,9909.1,10424,11075,11711,12367,12969,13647,14370,15179,13323,16574,17146,17692,18231,18698,19057,19407,19607,19878,20289,20753,21200,21659,21998,19756,16252,13748,11406,9786,8914.8,8385.2,8264.8,8326,8363,8382.5,8569.6,9102.5,9637,9861.7,9916,10096,10462,10966,11513,12025,12316,12419,12563,12856,12767,12645,12932,13990,16787,9683.3,9683.3,22102,12755,16978,17235,17299,17316,17232,17218,17310,17633,18044,18578,19176,13566,20508,4427.5,10530,17849,16057,21606,15828,12081,9654.5,8563.8,8160.7,8004.5,8051.1,8087.4,7977.7,7660.1,7400.1,7233.7,7320.2,7664.8,8299.5,9094.1,9685.3,9917.2,10158,10468,10795,11104,13209,10646,10203,10150,10506,11188,11829,12457,13121,13560,13967,14427,14829,15247,15653,16248,10823,17036,18283,18633,18516,18516,11655,12383,18924,18817,19094,15300,11532
26033,26416,26696,26928,27085,27302,27414,27546,27702,27824,28025,28213,28078,28383,28411,28527,28623,28566,28613,28676,28753,28752,28733,28646,28595,28559,28393,28506,26480,21915,18316,15271,13091,11587,10397,9774.4,9453.9,9237.6,9155.6,9127.3,9071.7,8954,9005.3,9143.9,9178.4,9183,9169.1,9235.9,9352.4,9598.9,10007,10420,10665,10776,10790,11060,11796,12484,13201,13940,14731,15528,16354,16968,9156.5,17810,18114,18429,18820,19268,19724,20100,20374,20156,21476,21995,22639,23061,21761,22941,18306,14834,11917,9904.2,8405.4,7713.8,7313.1,7084.7,7039,7132,7408.2,7902.8,8554.5,8965.6,9168.3,9079.9,8783.5,8504.2,8404.6,8712.8,9262.7,9902.8,10554,11130,11427,11751,1683.6,1683.6,24837,12157,13672,14040,14463,14746,14794,14873,14887,14943,15170,16185,16625,17223,17623,17869,18453,18751,19040,19363,19795,20298,19859,16311,13072,10792,8970.3,7981.9,7552.8,7347.6,7395.2,7720.3,8106,8231.6,8085.2,7814.7,7600.9,7440.3,7377,7354.7,7478,7828.4,8178.2,8567.6,8881,8847.4,8642.6,8792.6,7451,10319,10862,11413,11958,12527,13044,13494,13755,13982,14081,14409,14622,14926,15382,15802,16196,16414,16636,2423.9,15881,17056,17420,17789,15589,18539,15726,12541,10158,8643,7818.9,7358.6,7063.4,6882.3,6754.9,6687.8,6786.8,7080.4,7562.1,8064.7,8352.7,8339.1,8235.8,8216,8527.1,9017.5,9573.8,9755.4,9357.3,8903,8011.7,7945.1,8258.5,8822.8,9535.2,10259,11018,11707,3445.5,12975,13280,13570,13761,13967,14214,14379,14634,14863,15096,15414,15414,21281,16414,16930,17345,17758,18136,15665,11739,9145.4,7988.5,7297,6913,6731.8,6688.2,6744.5,6872.9,6964,7059.9,7293.6,7701.1,8360.4,9171.4,9900.4,10103,9589.4,9151.7,8999.8,9123.6,9648.6,10285,10716,10761,10810,11194,11709,12276,12884,9282.8,14842,15518,14487,14778,15140,15415,15537,15648,15808,16020,16394,16840,12296,14303,18572,21720,23671,19322,19442,16942,12261,9434.1,8477.8,7268.6,6723.7,6371.2,6350.7,6466.9,6697.8,6889.4,7008.7,7052.6,6950,6857.9,6745.4,6602.2,6576.1,6630,6503.2,6696.7,6691.1,6417.7,7112.9,7304.5,7690.4,7932.3,8247,8822.4,9519.2,10220,10815,11279,11713,12190,12658,13135,13671,14122,14785,15250,15808,16389,16966,17473,17718,17870,18016,18046,18264,16404,15970,11458,9069.3,7576.7,6655,6138.1,5818.9
