28623,28716,28671,29122,29583,29848,29973,30001,27426,30064,30311,28177,29822,29624,29595,29580,29527,29458,29357,29059,28948,28966,28859,29018,29208,29124,29123,29133,26376,19235,16188,13836,11725,10085,9426.1,9157.2,9094,9396.3,9545.6,9581.1,9677.8,10166,10981,11259,10574,10263,10156,10431,10943,11416,11537,11850,12167,12098,10884,10355,9320.3,9049.4,9236,10379,11343,12343,13393,14167,14881,15328,15578,16125,16379,16788,16948,17131,17419,17911,18232,18628,18858,19259,19425,19776,20071,20371,20596,20953,16553,12515,9158.3,8241,7796.4,7407.7,7370.5,7544.9,7756.1,8159.8,9471,10567,10934,10890,10423,10466,10998,11730,12340,12666,12561,12351,11094,10101,9509.2,9754.6,10369,10676,10799,11730,12518,13286,14324,14990,15636,15929,16255,16423,16511,16563,16529,16507,16590,16683,16820,16954,17090,17297,17667,18100,18682,19122,19326,19834,14699,10144,8048.6,7029.4,6502.2,6329.1,6495.3,6915.2,7748.5,8472,8810.1,8959.6,9214.6,9559,10117,10439,10599,10679,10859,11174,11541,11240,11166,11447,12029,12179,12234,12590,13494,14221,14768,15822,16206,16587,17141,17393,17673,17862,18056,18354,18648,18850,18938,18982,19046,19197,19417,19602,19740,19920,20083,20124,16479,13061,9937,7205.7,6156.8,5608.4,5341.4,5489.4,5664.5,5662.3,5582.6,5570.7,5704,5690.9,5504.7,5277.4,5257.2,5314,5318,5222.4,5101.5,5131.4,5158.7,5208.7,5271.1,5277.8,5384.5,5764.2,6465.1,7914.5,8879.1,9927,10660,11417,11920,12390,12805,13326,13599,13780,14031,14233,14394,14548,14752,14897,15271,15311,14994,11081,6575.8,4713.9,4393,4255.3,4331.5,4376.9,4387,4383.4,4378.1,4396.5,4426.7,4382.5,4300.8,4351.6,4597.9,4990.7,5122.6,5103.3,4958.6,4857.9,5103.6,5362.3,5710.8,6162.7,6990.6,8000.2,9208.1,9812,10271,10566,11181,11642,12112,12605,12977,13262,13512,13707,13694,13749,14003,14123,14358,14444,14567,14494,14503,14563,14584,14138,9491.3,6508.8,4878.6,4406.2,4221.7,4165.1,4161.2,4183.5,4204.1,4219.1,4159.4,4115.2,4128.4,4312.8,4888.3,5240.5,5806.2,6297.1,6539.3,6992.9,7547.7,7960.7,8154.1,8059.3,7831.6,7530.4,7481.8,7840,8370,9346.3,10381,11134,11574,12085,12423,13036,13645,14097,14713,14805,15033,15213,15553,15789,16073,16365,16866,17063,17432,17881,18109,18307,18956,14840,10258,6902.1
35295,34421,34270,34259,34242,34300,34332,34296,34298,34271,34094,34274,34293,34191,34117,34134,34101,34052,34109,34070,34148,34176,34170,34156,34133,34125,34009,33786,33693,29502,24949,21667,19299,17465,15773,14480,13315,12596,11914,11478,11122,10849,10673,10419,10175,9935.8,9706.9,9537.2,9568.4,9710.4,9857.8,10073,10388,10380,10206,10031,10155,10624,11410,12450,13339,14081,14850,15636,16362,17094,17845,18595,19103,19562,19842,20048,20204,20351,20564,20938,21077,21283,21491,21603,21718,21735,20852,15902,12879,10814,9597,8775.1,8295.9,7948.1,7592.2,7399.4,7262.3,7120.9,7078,7023.3,7082.9,7130.6,7211.8,7314.7,7554.3,7976.6,8408.5,8603.2,8563,8270.4,8232.7,8144.4,8070,8181.2,8530.8,9269.7,10129,10803,11510,12070,12506,12897,13591,14279,14713,15120,15487,15884,16150,16488,16616,16803,17079,17331,17484,17311,17811,17844,17438,19903,15210,11889,9393.9,9735.1,7217.3,6272.8,6291.5,6026.3,5928.7,5826.1,5948.2,6073.4,6170.2,6346.9,6754.2,7131.5,7348.8,7410.6,7381.4,7586,8216.6,8464.3,8197.4,7788.3,7604.1,7473.7,7643.7,8142.4,8943,9765.8,10454,11064,11586,12115,12608,13083,13513,13947,14335,14755,15016,15512,16002,16371,16735,17094,17440,17753,17969,18247,18283,18443,12863,9527.8,8093.2,7255.6,6877.8,6696.4,6629.6,6690.8,6714.3,6537.9,6469.2,6322.8,6366,6460.9,6804.9,7314.6,7919.6,8234.2,8607.1,8753,8964.9,9275.2,9257.2,9239.1,9396.3,9671.7,10217,10794,11477,12006,12569,12642,12966,13849,14270,14294,14931,15521,15713,15778,15897,16079,16271,16370,16473,16665,16970,17207,17424,14082,12447,7193.2,7377.8,7808.6,7533.4,7365,6947.4,4677.7,4308.4,6243.8,6284.3,6546.8,6690.2,4997.4,7233,5336.1,7349.7,7246.7,8412.9,7991.7,7934.3,7652.5,7420,7379.6,7609.3,8128.2,8863.5,9634.9,10309,10733,11197,11658,12078,12476,13408,13731,13954,14225,13701,14557,14715,14735,15065,15095,15349,15826,15979,15787,15101,11433,8603.8,7438.4,6911.6,6746.8,6566.2,6443.2,6167.8,6159.2,6955.8,7172.9,8156.6,8301.8,8056.1,7888.8,7916.4,8623,8904.9,8344.1,7974.1,7870.1,8228.6,9079.3,9923.3,10483,10985,11733,12485,13165,13860,14646,15121,15606,16116,16556,17182,17340,17578,17933,19075,19845,19277,16742,8288.3,,,,,,,,,,,,,,,
33242,33119,33195,33285,33318,33295,33311,33433,33381,33412,33496,33501,33464,33476,33202,33209,33159,33152,33141,33116,33165,33109,32896,32831,32796,32752,32010,27237,22727,18806,16326,14342,13215,11968,11292,10618,10107,9843.5,9987,10119,10082,9805.2,9450.4,9205.4,9008.1,9162.5,9513.7,9610.8,9424.6,9128.7,8938.8,8877.1,8984,9744.5,11127,11505,12670,13474,14412,14871,15611,16036,16422,16797,17020,17345,17833,18244,18498,18673,19026,19276,19471,20035,20393,20722,18996,13502,10289,9181.7,8260.8,8102.5,8010.2,7952.5,7889.6,7859.4,7740.5,7867.8,8137.1,8651.2,9128.6,9080,8632.3,8427,8186.8,8335,8808.8,9705.4,10359,10347,9952.5,9674.4,9574.1,9592.1,10666,11607,12477,13295,14059,14829,15271,15785,16212,16509,16776,16910,17134,17229,17386,17558,17840,18156,18426,19121,20008,20575,21087,21324,21715,18509,12771,10773,8660.6,8259.1,8153.8,8488.6,9055,9362.4,9843.7,10087,10139,11200,10727,8780.4,9455.4,8196.1,8235.7,8142.4,7781.5,7417,7047.4,6951,6811.6,7032,11244,14185,7156.7,14678,8609.8,13687,10402,11123,11646,12036,12893,13321,13882,14360,14611,15029,15556,15903,16118,16249,16330,16407,16495,16527,16541,16907,16763,13464,9736.3,7766.2,6607.6,6334.1,6117.8,5996.1,6018.6,5965.5,6175.4,6334,6506.4,6733.1,6972.5,7419,8094.5,8686.7,9431.7,9771.6,9879.5,9764.6,9313.7,8976,9133.6,9465.5,9866.7,10292,11723,10843,12200,12760,13132,13589,13935,13995,14187,14408,14554,14689,15019,15382,15706,15812,15790,15805,15742,15908,15879,16013,15676,15994,14125,11097,8544.3,7225.2,6432.1,5853.5,5526.1,5407.9,5547.1,5804.9,5925,5673.2,5804.8,6014.3,5991.3,5880,5929.4,5478.8,5758.9,6234.8,6082.9,6260.6,6383.6,6406.1,6408.7,6320.5,6833.5,7290.4,8682.3,9264.3,9687.3,10259,10670,11119,11477,11869,12403,12623,13159,13360,13934,14185,14362,14636,14751,14946,16382,14893,15339,10278,7157.6,6348.7,5627.7,5415.6,5416.6,5451.4,5452.1,5513.9,5647.9,6017.6,6343,7446.9,6474.3,7036.3,6995.4,8140.7,6912.9,6580.9,6268.4,6015,5818.5,5768.7,6693.7,5663.2,5642,5950.4,6618.7,7395.1,8104.9,8891.3,9310.9,9564.1,10020,9827.3,10593,10601,10589,10822,11146,11136,11702,10347,12306,12818,13119,13331,13329,13716,12930,10725,10176,8761.1,7662.5,,,,,,,,,,,
26253,26274,26283,26303,26338,26337,26399,26416,26422,25781,26366,26404,26290,26052,25938,25913,25927,25943,26016,25948,25911,25879,25864,25923,26014,26053,25973,25914,24028,19271,15163,12037,10088,9366.4,8652,8128.2,7626.2,7104,6788.1,6678.6,6425.1,6128.2,5930.4,5807.6,5838.3,6092.9,6280.3,6312.2,6003.8,5643.7,5476.7,5657.5,6362,7242.1,7853.7,8565.2,9474.9,10308,11054,11780,12443,13025,13523,13966,14361,14802,15019,15275,15527,15735,15879,15953,16068,16140,16326,16586,16762,17137,15145,10264,7858.9,6563.8,6143.5,6003.2,5941.2,5750.4,5949.4,5916.1,6033.8,6136.3,6124,5867.2,5789.9,6022.6,6475.5,6573.7,6410.1,6002.2,5557.5,5444.3,5863.5,6567.2,6605.2,6567.5,6567.5,7569.3,8399,9507.3,10277,10686,10960,11205,11440,11618,11936,12327,12689,13002,13399,13763,14220,14585,14810,15104,15304,15487,15657,15837,15980,12095,8490.3,6490.5,5615,5193.1,5043,5030.8,5215.8,5424.2,5781.8,6235.5,6713.1,7030,6809,6767.9,7124.4,7789.8,8263.1,8128.3,7916.1,8044.4,8460.2,8646.4,8637.8,8231.2,7509.5,7179.7,7595.3,8755.6,9954.5,10697,11271,11768,12193,12551,12511,12791,13098,13381,13602,13809,14037,14255,14408,14556,14677,14821,15018,15314,15393,14235,10162,7352.2,5985.6,5262.4,4986.8,5020.4,5299.3,5392.6,5389.7,5338.2,5361.4,5536.9,5953,6372.8,6882,7470.5,7771.5,7785.4,7421.6,7617.3,8231.6,8644.2,9045.4,9334.5,8896.9,8873.1,9560.2,10262,10967,11492,11989,12479,12962,13466,13810,14153,14493,14812,15050,15228,15347,15438,15590,15246,15314,15469,15464,14940,14783,13205,9868.6,7180.4,5552.1,4113.5,4413.9,4281.7,4239.2,4202,4246.7,4481.3,4800,4739.5,4559,4474.1,4576,4827.3,5290.7,5838.6,6131.5,6142.2,5977.7,5909.1,5796.3,5172,4772.4,4860.1,5411.3,6218.9,7137.5,7920.3,8668.3,9229.6,9718.6,10242,10641,11080,11486,11911,12127,12280,12577,12783,13086,13322,13535,13930,14386,14709,14633,14798,12995,9039.4,6778.2,3082.7,5124.2,4885.7,4705,4652.6,4716,4692.2,5340.6,6112.7,6505.6,6257.3,6006.8,5790.9,6084.3,6842.8,7068,6886.1,6853.5,6842,7155.7,7919.7,8470.1,7762.1,7560.8,7618.3,8255.8,9105.9,9869.5,10376,10723,11033,11291,11574,11799,12170,12493,12779,13098,13405,13821,14162,14430,14612,14804,14889,15056,15224,15219,10098,,,,,,,,,,,,,,
25704,25831,25960,25603,23519,22621,22542,22891,23284,23889,24302,24541,24642,24719,24884,25051,25119,25188,25285,25256,25244,24456,24638,24341,23865,23435,23198,16118,15384,12045,9457.8,8064.6,6646.4,7240,6946.4,6710.9,6438.4,6188.9,6153.2,6179.8,6272.9,6438.5,6758.6,7011.3,7140.6,7255.5,7287.6,7230.6,7032.7,6832.2,6739.5,6763.8,6881.3,7182.8,8058.8,8965.1,9869,10590,11399,12152,12873,13443,13873,14254,14722,15254,15762,16241,16639,16884,17114,17197,17457,17400,17661,17811,17656,17780,14524,11236,8153.7,6542.6,5817.1,5575,5513.2,5823.1,6020.5,5959.3,6312.6,6657.8,6795.2,6940.3,7169.2,7543.6,7762.8,7811.8,7979.8,7692.4,7182.4,6551.6,6229.9,6468.8,6197.9,6422.3,6735.3,7259.1,8043.3,8785.4,9658.2,10484,11170,11766,12252,12648,13059,13450,13742,13922,14063,14160,13953,13994,13123,11845,11691,11854,11995,12095,8307.9,3448.9,4792.4,4163.3,4001.3,3924.6,3874.5,3880.2,4064.5,4355.2,4314.6,4603,4361,4954.5,4650.1,4325.8,4651.9,1578,5500.9,5198.5,5138.4,5349.6,5797.9,6311.9,6958,7484.6,8028.3,8576.7,9279.7,9926.3,10511,11057,11502,11768,11988,12186,12325,12391,10700,12219,12371,12352,11854,11807,12075,12075,10764,12164,11617,8991,6208.7,4718.2,4018.3,4310.4,4240.9,4240.4,4290.8,4081.5,4313,4845.8,4154.5,4073.7,4098.5,4203.1,4605.6,4849.8,5544.9,5615.1,5630.7,5524.5,5852.5,5738.3,5135,5318.2,5417.2,5906.2,6544.6,7114.4,7650.7,8246.5,8827.2,9255,9637.7,9970.2,10216,10439,10754,10994,11168,11324,11425,11549,11698,11928,12163,12505,12825,13048,13065,13181,13401,12312,7733.7,5671.2,4712,4343.9,4283.8,4403.2,4600.4,4662.4,4610.6,4345,4192,4319.7,4933.6,5689.7,5910.1,5802.7,5525.5,5280.7,5470.5,5542.9,4982.7,4710.1,4561.1,4766.6,5100.9,5702.2,6522.3,7479.9,8087.5,8594.3,9108.6,9573.4,10058,10547,11025,11067,11055,11076,8149.3,11585,11543,11414,11172,10922,10634,10465,10539,10525,10780,7902,5377,4742.1,4091.1,4084.9,3238.4,3174.5,3138.1,3176.4,3488.4,3607.3,3612.7,3603.7,3779.5,4236.4,4163.7,4139.5,4192.8,3766,3930.6,3844.4,4138.2,4001.8,4106.9,4194.4,3944.7,16.686,4610.5,3115.6,4747.8,7070.3,7459.1,7768.4,6980,8155.7,8363.6,8261.5,8819.3,8968.3,9143.5,9460.5,9724.3,10318,11128,11063,11577,11566,11150,11228,11664,10537,10797,10797,,,,,,,,,,,,,,
31376,31341,31423,31556,31700,31686,31753,32010,31957,31962,31846,32098,32083,32135,31977,32100,32295,32159,32041,32382,32303,32637,32304,32403,32684,32390,32544,32646,31185,26733,23038,20384,18174,16229,14461,13438,12752,12456,12286,12244,12262,12043,11577,11203,11098,11303,11812,12431,12972,12755,12185,11536,11536,7547.8,12070,11902,13005,13997,14789,15404,15914,16380,17059,17764,18254,18696,19091,19449,19799,20139,20558,20923,21270,21476,21766,22011,22277,22132,23215,21518,17796,14945,13101,11548,10619,10244,10143,10207,10520,11009,11851,12777,13611,13259,12636,12319,12371,12797,13693,14771,15245,14706,13674,12637,11070,10333,10147,10595,11478,12492,13389,14354,15183,15885,16425,16872,17226,17554,17764,18238,18558,18897,18897,1619.7,16487,19961,20304,20673,21097,21437,20447,17059,14278,12279,10887,10233,10080,10212,10400,10512,10530,10350,10110,10163,10391,10835,11284,11707,12177,12611,12452,11825,11054,10514,10078,9996.3,9984.7,10129,10676,11406,12097,12793,13522,14199,14795,15296,15680,16055,16367,16702,17024,17368,17636,17883,18196,18440,18859,19184,19534,19540,20890,21107,17385,14126,11618,10375,9906.3,9791.6,10095,10555,11217,11989,12541,12473,12641,13007,13492,13902,13567,12261,11756,11676,11972,12475,12968,13241,12208,11962,12282,12943,12943,4247.1,14702,15978,16574,17112,17488,17890,18099,18318,18658,18984,19339,19719,19980,20267,20598,21049,21380,21717,22004,22234,21442,17144,13705,11568,10573,10150,10026,10171,10524,10845,11054,11031,11066,11378,11803,12215,12400,12365,12619,13124,13530,14003,14309,14430,13861,13184,12826,13016,13599,14390,15228,15228,15019,17573,17947,18273,18588,18942,19192,19382,19534,19766,19991,20264,20474,20780,21041,21156,21247,20972,21705,18343,13860,11688,10292,9623,9247.7,9118.5,9160.3,9341.7,9550.1,9652.2,9758.4,9614.9,9368.1,9096.2,8955.4,9110.8,9547.9,10196,10831,11303,11653,11813,11577,10790,10338,10294,10606,11336,12313,13205,13810,14345,14911,15303,15741,16117,16484,16719,16875,17072,17291,17570,17935,18318,18622,18960,19222,19479,19762,19523,14797,,,,,,,,,,,
26182,26190,26361,26348,26376,26641,27305,27989,28384,26913,27699,29897,29505,28724,30506,31004,30441,30801,30425,30451,29966,29959,29881,30264,30188,29788,30127,30353,29988,24333,18850,15844,13676,12324,11548,10539,9994.7,9438.7,8884.6,8838.5,8919.5,9309.3,9605.7,9107.6,8386.3,8163.6,7808.4,7624.1,7605.7,7801,7969.4,8349.3,8868.3,9339.3,9519.1,9704.7,10258,11364,12679,13640,14322,14838,15305,15848,16495,17227,17792,18237,18624,18814,19000,19019,19103,19357,19701,19881,20188,20462,20666,21240,17005,12585,10699,9565,8695.1,8150,7812.2,7606.2,7443.9,7468.3,7916.5,8624.4,8516.8,8107.6,7872.1,7984.1,8405.1,9130.3,9879.9,9558.6,8758.6,8575,9019,9810.2,9652.3,8599,8246.6,8745.3,9798.4,10766,11703,12388,12962,13716,14414,15085,15522,15805,16143,16595,16926,17491,17725,18091,18481,18905,19352,19864,20310,20625,19672,15504,12459,10637,9750.6,9693.2,10092,9993.8,9946.3,10202,10916,11733,11120,10074,10009,10632,11646,12359,11218,10220,10184,10737,10770,9725,9021.1,8794.2,9573.3,10819,11996,12797,13498,14069,14707,15378,15910,16380,16734,17039,17467,17770,18142,18322,18445,18751,19002,19281,19717,20022,20349,20558,21118,19472,14508,11525,9500.8,8445.7,8059.3,7666.5,7434.4,7456.7,7975.5,9099.6,10507,11340,10981,10295,9664,9453.5,9794.4,10710,11621,11829,11802,11800,11910,12427,12409,12697,13100,13774,14278,14695,15105,15462,16064,16708,17318,17728,17992,18369,18756,19002,19314,19614,19874,20142,20418,20704,21075,21271,21522,21821,22217,18105,13630,10669,9348.7,8647.8,8218.2,7818.5,7581.9,7493,7957.4,8672.8,9442.4,10099,10737,11174,11345,11549,11797,12084,12145,11814,10851,9810.3,9421,10126,11235,12198,13005,13765,14594,15393,16215,16852,17358,17772,18102,18425,18636,18872,19180,19564,19805,20001,20774,20156,20246,20376,20485,20501,20438,20413,15312,11075,9187.6,8377,8000.7,7837,7735.8,7726,7555.6,7451.4,7588.9,7958.5,8236,8175.2,7912.6,7641.4,7464.3,7494.5,7724.2,8185.4,8240.8,7709,7402.1,7795.9,8387.8,9380,10044,10724,11451,12057,12619,13320,13869,14421,14916,15340,15740,16187,16649,17083,17405,17676,17866,18087,18338,18617,18820,18905,18945,19054,19201,14132,10191,,,,,,,,,
23073,23322,23578,23951,24246,24471,24769,25017,25271,25422,25583,25680,25778,25862,25904,25935,26068,26242,26433,26549,26642,26720,26708,26645,26662,26541,26900,26977,26263,20459,14975,11815,10559,9641.4,8946.7,8463.4,8114.7,8126.7,8547.4,8601.5,8375.3,8299.3,8622,9006.1,9046.8,9044.3,9459.4,10006,10216,10451,10827,10864,9931.9,9524.6,9811.4,10593,11588,12620,13650,14478,15142,15708,16264,16795,17369,17860,18386,18906,19367,19820,20351,20867,21423,21991,22444,22840,23226,23362,23906,20046,13645,10488,9304,8548.3,7974.3,7581.5,7394.7,7361.1,7850.2,8508.9,9071.5,9056.7,8640.3,8132.2,7667.2,7463,7385.1,7349.2,7527.4,7499.4,7258,6980.5,6929.7,7252.7,7469.1,7933.5,8687.9,9827.3,10970,12144,12915,13539,14086,14606,15259,15975,16555,17121,17520,17813,18045,18401,18607,19092,19682,20220,20666,21067,21344,21723,18645,13578,10642,9282.8,8431.8,7826.6,7266.1,6971.5,7041.2,7479.2,8069.6,7847.7,7338.6,6811.4,6513.4,6340.5,6197.1,6209.5,6438.6,6930.9,7325.1,7322.4,7127.3,6870.1,6633,6500.6,6591.3,7248.8,8394.3,9564.7,10654,11347,11938,12477,12865,13147,13672,14264,14802,15306,15806,16379,16985,17667,18290,18688,18969,19110,19268,19456,19474,18961,13320,10268,8675.4,7986.5,7728.3,7872.3,8481.6,8891.7,8863.9,8734.9,8874.8,9311.2,9855.2,10498,10288,9954.9,10208,10884,11642,11215,10318,9765.1,9676.5,9812.7,9727.4,9650,9984.8,11216,12520,13634,14325,14972,15500,16143,16768,17097,17630,18147,18580,19045,19571,20250,20852,21237,21420,21491,21679,21899,22137,22283,20751,15533,12049,9985.2,8743.9,7894.1,7303.2,7041.3,6971.9,6993.1,7034.3,6995.2,6814.1,6889.4,7086.4,6954.9,6800.5,6793.8,6887,7177.3,6971.6,6675.1,6318.8,6193.7,6176.3,6216.7,6365.1,6764,7788.3,8969.3,9759.6,10387,10939,11435,11991,12515,12918,13314,13659,14089,14473,14791,15192,15488,15704,15912,16208,16448,16712,17047,17208,17846,14366,10613,8527.7,7317.8,6763.8,6865.3,7149.1,7371.6,7732.5,7920.7,7663.3,6965.8,6661.2,6708.1,6938.9,7307.5,7410.8,7217.5,7125,7612.4,8287.8,8092.7,7538.4,7146.4,7278.7,7229.4,8031.9,8932.9,9694.3,10460,10939,11436,11909,12403,12854,13252,13632,14120,14534,14928,15296,15564,15850,16181,16568,16901,17239,17486,17643,17702,17818,15684,11203,8261.3,,,,,,,,
13909,14279,14551,14728,14496,13746,13686,13965,14441,14847,14979,14928,14547,13636,12714,11996,11521,11195,11073,11328,11579,11892,12141,12248,12258,12810,13465,13856,13484,10822,8450.7,7050.7,6037.9,5495,5263.8,5157.4,5075.8,4931.6,4734.3,4489.4,4274.5,4155.4,4125.8,4172.9,4395.2,4498.5,4507.2,4445.4,4401.4,4599.2,4717.8,4625.9,4556.9,4549.7,4832.2,5529.6,6185.7,6560.4,6871.4,7319.2,7947.3,8219.7,8521.1,8674.3,8476.1,8410.4,8344.8,8156.3,7833.6,7946.3,8090.6,8063,7887.7,7795.4,7944.7,8140.5,8174.8,9081.6,8595.4,6690.6,5371.4,4677.2,3942,3578.1,3350.6,3197.1,3196.3,3113.8,3129.1,3115.8,3347.4,3372.8,3285.2,3264,3232.2,3348.2,3898.7,4214.1,3700,3490.6,3388.6,3422.3,4233.9,4142.8,4340.9,2099.6,4809.7,5300.3,5663.3,5663.3,9.6267,3511.2,6444.6,6651.4,6785.1,6645.2,6509.6,6357.3,898.84,4091,6546.2,6585.3,6571,6662.7,6918.2,5971.6,5971.6,6883.3,7113.6,6487.6,5011.3,4038.8,3580.5,3413.5,3380.9,3453.2,3618,3767.5,3713.8,3392.1,3210.9,3212.6,3314.9,3366.4,3393.6,3396.9,3351.9,3255.5,3254.7,3257.8,3252.7,3229.5,3230,3277.5,3358,3438.9,3716.2,4162.7,4720.7,5111.3,5146.6,5100,5138.5,5224.5,5211.5,5272.6,5274.2,5468.7,5945.7,6164.8,928.89,7506.6,8024.9,8565,9078.5,9509.9,9928.2,10046,10005,10629,8402.1,5574.4,4196.8,4013.8,3713.6,3700.7,3564.5,3631.2,3824.1,3942.5,4196.1,3926.9,3739.7,3697.6,3543.8,3459,3376.2,3106.8,3038.8,2955.8,2887.4,3383.8,2803.4,3021.3,2773,2889.9,3128.1,3631,4074.6,4762.4,5402.7,5812.6,6013.2,6063.6,6057.2,6075.1,6319.1,6260.5,6318.9,6303.9,6334.7,6298.9,6136.9,6326.4,6253.2,6131.2,6152.8,6265.6,6545.4,6821.7,7115.2,5050.1,3921.1,1848.5,2830.6,2661.8,2508.3,2399.4,2291.3,2172.4,2502.3,2515.7,2576.2,2598.3,2701.6,2811,2982.5,3007.3,3015.5,3162.3,3363.1,3346.9,3009,2904.3,3171.8,3595.4,3682.2,3873,4249.1,4769.2,5202.4,5370.4,780.93,5959.2,6242.9,6657.3,7100.1,7404.9,7636.5,7823.4,7749.8,7580.3,7437.5,7427.4,7501.8,7768.9,7850.4,2353.9,374.29,3719.8,8746.8,9187.4,7017.8,4878.4,3948.8,3465.9,3241.8,3143.8,3015.5,2878.5,2745.8,2733.9,3346.7,2855,3542.3,3493.9,3273.5,3114.6,3096.7,3317.9,3647.4,3821.9,3666.3,3374.7,3354.9,3006.7,2950.3,2944,3033,3186.6,3785,4354.5,4919.9,5384.3,5638.4,5855.7,6061.7,6205.3,5916.7,6511.9,6477.6,6516.5,6602,6540.9,5454.8,6765.2,6819.9,1389.1,6138.3,6614.6,6317.2,6185,5015.7,3782.9,,,,,,,,,,,,
7185.5,7062,6926.2,6768.5,6628.6,6529.8,6515.4,6601.6,6765.8,7016.3,7272.2,7191.8,7029.7,6897.8,6697,6396.9,6243.7,6210.9,6197.3,6280.7,6371,6443.1,6541.7,6482.6,6247.7,5995.8,5965.1,5596.8,4657.6,3880.3,3409,3203.9,3055.8,2999.1,2950.8,2911.4,2894.4,2886.3,3000.4,3187.8,3407.9,3458.8,3445.9,3462.4,3471.6,3311.2,3227.4,3172.3,3305.1,3496.6,3753.8,3712,3583.5,3748.3,4044.7,4412.7,4806.3,5156.8,5497.7,5708,6108.3,6617.9,6829.8,6537,6175.3,6008.5,6026.8,6118,6231.1,6362.4,6504.4,6523.6,6609.7,6816.8,7073.4,7125.1,6972.3,6531.2,6370.8,5434.8,3742.8,2529.3,2282.8,2147.9,2131.2,2136.3,2056.6,1992.4,2459.8,2769.7,2733,2777.2,2905.8,2662.6,2951.7,3346.7,3300.5,3183.7,3327.4,3644.2,3843.3,3861,3983.9,3279.3,3262.5,3475.4,3944.6,4406.8,4882.6,5096.4,4998.3,5037.8,5062.8,5111.7,5215,5504,5708.1,5518.1,5146.5,5017.6,5042.6,4998.2,4910.2,4868.7,4909.3,4872.3,4722,4552.8,4442.4,4264.3,3244,2737.5,2521.5,2584.6,2625,2650.7,2668.8,3074.3,3250.1,3212.1,3180.1,3231.3,3229.4,2985.3,2755.1,2857.2,2993.2,3269.8,3443.7,3498.9,3651.9,3997.8,4026.7,3934.3,4000.7,4237.2,4578.8,5116.6,5691.9,5981.1,5626.9,5247.8,5147.8,5103.4,5141,5221.9,5371.6,5603.4,5834.1,5967.5,6083.1,6331.3,6616.1,6946.5,7030.5,7120.3,7304.1,7215.6,6882.2,6890,4331.9,3319.1,2936.9,2622.5,2348.5,2402.8,2367.5,2306.8,2248.8,2905.4,3006,2957.5,2868.4,2725.7,2713.4,2675.7,2737.3,2848.3,2966.2,2924.2,3044.2,3044.7,3130.4,3323.9,3195.7,3518.7,3807.1,4093,4392.3,4795.3,5017.3,5047.7,5000.6,4926.9,4954.6,5008.3,5012.3,5042,5104.3,5112.7,5248.3,5389.6,5507.9,5643,5850.1,6026.5,5986.2,5848.2,5498,5232.6,4922.3,3677.7,2860.2,2577.8,2503.8,2470.5,2491.4,2577.1,2762.1,2852.7,2772.1,2641.3,2609.9,2748.2,2771.1,2680.9,2735.2,2913.2,3036.4,3045.5,3003.5,2972.2,2928.2,2843.5,2847.9,2904.4,3021.4,3246.4,3607.9,3795.1,4462.9,4683.4,5006.9,5284.2,5469,5473.8,5438.8,5465,5260.4,5053.7,5078.3,5238.8,5359.5,2375.4,5627.1,5726.1,5850.8,6241.6,6598.9,6688.9,6817.7,4097.1,3432.9,2516.7,2319.1,2228.2,2105.7,3016.2,2985.8,3039.6,2915,2893.7,2897.2,2879.3,2893.6,2945.6,3037.6,3213.4,3248.1,3355.5,3395,3686,3819.1,3889,4048,3786.7,3910.9,3767.1,4453.9,4827.9,4827.9,5917,5917,11915,1988.1,13514,6067.2,6571,6589.9,6620.8,6722.1,6017.2,6398.1,6405.5,6197.6,5980.3,6007.3,6322.5,6692.4,7493.8,7583.8,7698.4,6309.6,4572.7,3629.4,,,,,,,,,,,
6272.2,6098.8,5868,5580.3,5452.4,5407.5,5359.5,5369.5,5263,5269.2,5261.9,5091.9,4980.7,4957.8,4949.4,4929.6,4963,5077.5,5223.1,293.95,2771.3,5256.1,5209.7,5219.9,5173,5084.1,5041.4,4479,3599.1,2923.9,2621.7,2401.1,2303.5,2271.2,2225.7,2202.6,2200.1,2237.3,2329.9,2424.2,2386.5,2351.7,2303.5,2299.9,2324.3,2344.3,2456.9,2477.6,2420.8,2348.5,2277.9,2244.4,2269.6,2456.8,2750,3126,3469,3729.7,3897.1,4142.3,4138.7,4240.8,4449.1,4681.2,4898.2,5060.4,5205.6,5350.1,5745.7,5879.9,5888.7,5883.1,5922.8,5992.1,6182.8,6175.6,6161.3,5831.9,6321.9,5178.4,3946,3014.9,2734.9,2650.2,2614.4,2661.9,2696.2,2718.9,2706.4,3217.4,3240.8,3376.3,3243.6,3148.8,3022.1,3009.7,3045.6,2983.7,2956.5,3045.8,3139.6,3133.4,3180.2,3482.8,3592.6,3911.3,4401.4,4974.1,5441.1,5913.2,6282.6,6658.8,6952.6,7214.9,7369.8,7453.7,3868,3023.9,6397.9,6198.5,6146.2,6273,6556.5,6668.5,6570.9,6431,6214.9,6356.6,6571.9,6622.3,5386.5,3666.4,3056.3,2782.7,2661.6,2611,2613.9,2649.1,2838.4,2728.2,2662.4,2685.9,2797.9,2909.4,3004.9,3145.8,3120.2,2965.3,2944.6,3091.3,3392.8,3654.9,3786,3788,3840.4,3937,4082.1,4446.5,4979.2,5328.9,4909,4803.3,4528.8,4897.6,4981.2,4909.3,4913.5,4995,5130.2,5231,5283.2,3908.1,5757.1,6073.6,6459.6,6736.3,7051.2,7137.6,6855.5,6469.5,7101.7,5911,3930.5,3129.9,2803.6,2769,2712.8,2754.8,2837.6,2852.3,2848.6,2792,3322.4,3339.4,3422.8,3498.4,3427.2,3469,3788.6,3992.5,4050.1,4201.1,4191.1,3867.4,3947.2,4215.3,4064.4,3890.6,3995.6,4442.8,5075.4,5617.1,5339.6,5171.6,3924,5896.9,6650.2,6965.1,7127.3,6020.6,6323.6,6316.4,6324.9,6499.8,6491.4,6545.3,6193.5,5995.4,6017.8,6570,6931.5,7369,7814.5,5950.5,3943.5,3259.5,3025.1,2901.2,2880.2,3024.2,3201,3349.1,3355.8,3229.4,3076.9,2939.2,2865.7,2986.4,3321.8,3455.1,3430,3455.6,3545.3,3524.6,3895.1,3868.8,3737,3541.4,3427.8,3530.1,3973.2,4597.7,5117.4,5380.9,3035.2,5693.5,5805,6070.8,6200.8,6249.5,6407.1,9372.9,1226.9,6572.7,6575.6,6708,6965.3,6940.3,6808.1,6712.1,6380.5,6011.1,5686.4,5341.3,3927.4,1707.5,2953.2,2784.5,2707.9,3149.9,3057.3,2964.8,2798.2,2720.6,2618.3,2625.4,2721,2941.5,3055.2,3275.8,3457,3288.2,3335.2,3426.5,3574.5,3500.1,3445.7,3780.8,3628.7,3371.2,3275.2,3531.9,3531.9,4692.9,4941.4,5212.6,5452.4,5551.6,5599.7,5468.4,2504.3,2504.3,1314.8,5302,5285.1,5474.5,5926,6287,6445.3,6598.9,6565.6,1526.4,6516.2,6798.3,6616,4563.5,3615.9,2740.2,,,,,,,,
24747,24904,25050,25109,25164,25173,25173,25197,25224,25178,25176,25179,25286,25290,25295,25235,25178,25153,25213,25231,25249,25204,25189,25176,25101,24974,24857,24787,23699,19013,15538,13415,12193,11196,10378,9811.4,9356.8,9109.6,9201.4,9460.7,9970.1,10585,11206,11785,11661,11345,10940,10552,10203,9972.9,9907.6,9856.6,9787.7,9997.5,10678,11539,12526,13378,14108,15026,15908,16857,17576,18177,18655,19189,19578,19887,20197,20456,20665,20817,21068,21270,21485,21659,21795,21586,23248,22232,17760,14241,12085,10603,9659.7,9004.4,8902.8,8675.7,8367.1,8178.7,8129,8178.4,8456,8477,8858.8,9119.9,9242.4,9415.9,9736.7,10232,10541,10645,10713,11153,10570,11104,11787,12490,13325,14018,14535,15071,15586,16089,16478,16836,17064,17309,17560,17791,18013,18319,18667,19126,19461,19784,19941,20132,20288,19225,14515,11695,9867.6,8569.3,7853.1,7344.6,7117.9,7214.9,7639.7,8330.4,9152.3,9580.5,9205.6,8912.4,8846.6,9185.3,9797.6,10223,10415,10112,9310.9,8663.3,8538.7,8686.8,8921.2,9284.9,10393,11527,12619,13302,13907,14441,14905,15444,15905,16438,16843,17134,17387,17596,17735,17889,18081,18273,18522,18805,19033,19192,18913,20116,16594,13035,10939,9451.8,8689.7,8245.3,8167,8376.3,8906.7,9605.1,10384,11101,12075,13218,14346,14058,12787,11958,11494,11429,11736,12353,13156,14397,14275,13376,12897,13317,14492,15257,15814,16388,16984,17542,18165,18712,19036,19304,19570,19850,20146,20533,20904,21100,21229,21409,21460,21569,21597,21637,19007,15338,12752,11036,10033,9614.4,9659.3,10001,10664,11395,12370,13535,14410,14729,14310,13953,13602,13626,14018,14664,15063,14913,14784,14053,13111,12886,13502,14376,15367,16026,16681,17286,17903,18612,19123,19514,19855,20284,20568,20761,20934,21035,21196,21402,21497,21653,21760,21640,22769,21725,18036,14702,12691,11164,10135,9647.2,9444.2,9564.4,10041,10722,10911,10767,10623,10800,10979,11086,11046,11139,11585,12373,13083,13793,14418,15769,14331,13872,14269,15106,15928,16577,17088,17681,18255,18650,18965,19281,19602,19902,20320,20534,20739,20977,21182,21349,21463,21520,21544,21534,21564,21644,20489,16680,13477,,,,,,,,,,,,,
23038,23087,23140,23188,23233,23194,23107,23063,23048,23076,23159,23284,23401,23503,23598,23652,23674,23732,23740,23774,23815,23824,23887,23887,23918,23916,23992,24029,23392,19445,15790,13537,11833,10359,9335.4,8585.7,8016.2,7924.5,8100,8669.8,9761.4,10717,11280,11621,11789,12007,12360,13076,13703,13958,13622,12730,11586,10885,10875,11834,12984,13934,14616,15179,15685,16271,16794,17269,17820,18217,18588,18924,19264,19522,19733,19889,20071,20218,20396,20536,20674,21879,22071,18411,15200,12911,11066,9753.3,9041.8,8494.7,8183.3,8066.2,7955.7,8095.6,8370.8,8794.2,9047.5,9158.5,9013,8796,8530.1,8239.5,7880.7,7781,7988,8344.8,9168.3,9471.2,9732.4,10444,11320,12135,12837,13471,14077,14732,15521,16285,16788,17119,17371,17680,17941,18258,18661,19067,19458,19782,20051,20300,20528,20736,20947,21012,18099,13994,11476,10103,9419.3,9149.2,9109.9,9105.5,9154.2,9233,9391.4,9350.2,9264.4,9319.9,9683.6,10332,11146,12117,12255,11868,12008,12596,13535,13967,13116,12161,12263,13115,14122,14894,15534,16253,16865,17552,17997,18367,18681,18915,19102,19285,19576,19887,20146,20400,20689,21037,21424,21689,21483,23359,21554,17728,14004,11855,10788,10252,10114,10320,11070,12108,12968,13734,14177,14669,15060,15230,15379,15759,16000,15787,15401,14909,14378,14742,13327,13585,14172,14834,15506,16161,16954,17583,18131,18645,19019,19267,19437,19612,19896,20142,20317,20509,20650,20739,20811,20842,20965,21030,21073,21096,19425,15031,12248,11053,10656,10789,11292,12029,12782,12586,12220,12301,12838,13473,14115,14882,15401,15203,14823,14849,15074,15454,15071,14087,13493,13811,14537,15264,16012,16679,17461,18463,19098,19666,20106,20465,20831,21145,21263,21346,21323,21368,21384,21487,21666,21799,21890,21991,21992,23244,23481,19229,14527,12390,11222,10541,10301,10099,10098,10233,10548,10617,10492,9954.5,9451.5,9108.2,9245.1,9797.1,10360,10870,11565,11902,11799,11888,12692,11612,11648,12271,12999,13833,14490,15005,15448,15852,16280,16630,16994,17325,17556,17680,17728,17747,17826,17979,18184,18423,18705,19005,19274,19373,19292,14662,11121,9297.2,,,,,,,,,,,,
20562,20398,20290,20324,20444,20590,20693,20808,20794,20773,20797,20789,20815,20849,20872,20921,21076,21308,21550,21713,21830,21918,21965,22077,22109,22096,22054,22039,21605,17243,12669,10498,9139.5,8389,7825.8,7474.8,7303.7,7552.3,8006.3,8411.4,9154.6,9878.7,10256,10033,9611.8,9466.1,9699.9,9715.4,9596.6,9468.9,9296.6,9032.6,8960,9055.4,9464,10126,11028,11930,12934,13580,14258,14817,15258,15718,16018,16342,16593,16785,17100,17390,17656,17936,18245,18481,18712,18986,18889,20514,19541,14821,11913,10033,8833.4,8185.3,7621.7,7305.9,7213.8,7248.1,7432.5,7632.6,7748.4,7655.2,7581.4,7946.6,8642.2,9403.3,10232,10797,10537,10275,10964,11864,12437,12895,13272,13810,14441,15106,15568,15974,16377,16693,16921,17060,17142,17198,17317,17451,17570,17722,17910,18153,18398,18573,18836,19120,19369,19605,18995,14974,11249,9398,8451.8,7817.1,7407,7069.5,6933.2,6896.3,7077,7518.2,8191,9030.9,9890.6,10567,10853,11074,11553,12132,12565,12891,13145,13165,13013,13035,13160,13330,13650,14164,14793,15609,16273,16833,17242,17569,17798,18056,18443,18858,19147,19334,19462,19597,19776,20019,20253,20458,20568,20624,20385,21292,16708,12684,10556,9242.2,8528.8,8185.3,7974.6,7829.1,7826.7,7960.7,8308.2,8926.9,9918.2,10938,11227,11205,11171,11185,10900,10326,9937.7,10149,10765,11904,11702,11837,12161,12925,13854,14535,15059,15496,15979,16422,16930,17452,17822,18112,18499,18761,19046,19341,19636,19791,19993,20162,20326,20488,20544,17636,13139,10842,9599.7,8798.2,8327.6,8303,8723,9263.6,9647.6,9727.1,9589.3,9560.5,9750.6,10089,10517,11084,11718,12238,11599,10774,10385,10358,10522,10926,11519,12206,13120,13909,14610,15079,15410,15879,16429,16992,17569,18059,18312,18520,18701,18850,19010,19098,19129,19140,19271,19398,19576,19912,19895,21431,20043,15856,12655,10833,9728.1,9005.4,8675.3,8605.1,8751.4,9243.3,9997.1,11145,12314,13357,14122,14859,15963,16682,17282,17784,17169,15981,14677,13918,14285,13271,14180,14932,15822,16429,16914,17259,17533,17811,17959,18119,18295,18538,18920,19382,19879,20174,20296,20357,20281,20133,20052,20111,20219,20244,20193,16597,12770,,,,,,,,,,,,,
24469,24725,24900,24992,25080,25189,25364,25624,25807,25912,25941,25985,25986,25929,25899,25856,25903,25990,26166,26317,26456,26534,26439,26291,26252,26263,26361,26581,25156,19883,15449,12965,11414,10037,9138.3,8530.9,7982.5,7685,7491.2,7288.8,7035.1,6809,6652.7,6616.3,6449.7,6272.8,6154.3,6095.8,6009.5,5918.1,5902.7,6122.7,6493.3,6769.8,6884.6,7276.4,7959.1,8941.5,9976.3,10805,11413,12148,12619,13100,13566,14125,14736,15123,15488,15868,16198,16574,17095,17555,17943,18274,18546,18400,19577,16905,12182,9070.7,7748.5,6963.6,6480.4,6087.3,5886.3,5624.7,5410.5,5327.9,5235.2,5235.8,5266.9,5413.6,5630.5,5911.8,6183.5,6272.1,6226.9,6107.7,6041.5,6108.1,5716.9,5533.2,5565.8,5877.9,6556.3,7575.7,8396.6,9008.2,9554.9,10033,10596,11124,11671,12120,12309,12383,12507,12491,12357,12337,12298,12397,12784,13308,14122,14742,14831,11061,7952.1,6916,6299,5884.4,5446.8,5142.6,4977.5,4901.9,4754.3,4512.4,4278.8,4091.7,4036.4,4139.6,4359.6,4509.7,4579.1,4607.9,4662.2,4789.5,4953.2,4979,4916.5,4922.8,5007.3,5250.2,5858,6176.1,7476.9,8095.7,8422.4,9194.6,9563.6,9943.4,10306,10589,10106,10942,11438,11726,12101,12548,12972,13154,13259,13323,13530,13892,14036,15008,11366,8624.1,6721.3,6183.2,5561.4,5143,4936.4,4820.4,4731,4669.6,4554.8,4458.4,4299.2,4217.3,4262.9,4318.1,4383.9,4535.8,4587.2,4493.2,4336.4,4271.5,4366.9,4568,4509.9,4514.1,4964.2,5493.5,6088.5,6753.2,7157.7,7484.8,7854.8,8393.7,8905.4,9352.5,9798.7,10002,10121,10171,10254,10199,10454,10756,11063,11210,11288,11436,11691,11875,9820.9,7314.3,5795.5,4857.5,4396.6,4046.8,3873.8,3781.1,3748.7,3739.2,3778.8,3798.5,3730.4,3662.4,3643.8,3707.4,3809.9,3875.9,3886,3872.8,3941,4012.1,4131,4327.9,4359.8,4295.6,4603.7,5314.6,5900,6439.3,7164.7,7595.6,7910.2,8313.1,8708.4,9136.7,9474.6,9712.3,10128,10561,10826,11110,11330,11566,11750,11928,12557,12929,12805,13557,11623,8289.6,6502.9,5389.3,4878.9,4671,4617.4,4970.3,4905.6,5003.8,4943.3,4620.7,4406.4,4310.4,4259.8,4209.3,4193.8,4159,4386.2,4014.6,4103,4289.6,4535,4731.4,5532.6,5233.8,5599.7,4118.4,6227.2,7142.3,7475.9,7830.5,8219.1,8606.6,8993.8,9314.3,9494.1,9562,9704.2,9777.9,10061,10290,10365,10412,10628,10932,11292,11668,12036,12320,12601,11739,8390.3,6214.3,,,,,,,,,,,,
26168,26400,26561,26482,26319,26122,25836,25599,25295,25204,24965,25177,25276,25360,25442,25322,25019,24516,24037,23966,23995,24092,24133,24278,24312,24420,24550,24573,23488,16661,12369,9924.9,8638.7,7705.4,7029.3,6455.5,5899.2,5452.1,5240.8,5141.3,5039.3,4958.3,4821.3,4608.9,4409.6,4375.5,4423.8,4590.1,4745.8,4844.6,4840.2,4735.3,4575.6,4436.2,4402.3,4549.4,5047.5,5825.9,6689.6,7467.3,8075.9,8642.6,9236.9,9723.6,10347,10661,10927,10972,11099,11334,11646,12235,12944,13358,13516,13673,13706,13288,13432,12578,8049.9,6156,5482.2,5086.1,4829,5036.2,4687.3,4599.6,4491,4500.9,4470.3,4408.9,4167.2,4224.4,4370.3,4505.1,4768,5024,5331.7,5232.2,5564.9,5489.8,5731.1,5225,5577.1,6196.5,6976.9,7783.1,8366,8855.9,9149.7,9547.6,9910.2,10503,10876,11098,11091,11126,11338,11816,12228,12382,12685,12820,13023,13413,13746,13320,10406,7595.1,5963.6,5170.2,4701.5,4384.5,4273.6,4248.3,4168.3,4092.7,4113,4153.1,4302,4313.4,4196.9,4141.9,4105.9,4042.7,3996.4,4025.9,4090.2,4202.6,4305.7,4338.7,4354.4,4297.7,4235.9,4349.4,4678.6,5476.3,6226.9,6678.9,7052,7391.3,7365.1,8801,9117.4,9392.3,9568.4,9886.7,10123,10331,10719,11080,11290,11327,11270,11322,11558,11877,11944,12964,10068,7593.6,6017.7,5372.7,5049.2,5280.1,5135.7,5021.5,4940.7,4874,4927.9,5077,5035.5,5029.3,5100.5,5279.1,4994.5,5134.3,5717.1,5256.9,5356.5,5497.1,5724.6,6138.5,6097.2,5302.4,5276.3,5843.7,6604.3,7303.8,7758.1,8106.6,8417.5,8770.5,9275.6,9658.8,10003,10286,10619,10661,10769,11010,11093,11471,11933,12082,12215,12113,12351,12529,10117,8132,6030.7,4930.8,4399.1,4030.4,3793.3,3706.7,3654.4,3614.8,3652.3,3737.8,3839.4,3848.7,3787,3796.2,3886.1,4076.4,4175.7,4080.2,4088.8,4144.9,4257.6,4470.1,4687.6,4847.2,3078.7,5532.7,6133.9,6646.4,7096,7480.5,7882.8,8260.7,8588.4,8796.9,9290.6,9471.9,9698.7,9926.8,10155,10371,10483,10538,10485,10367,10366,10396,10499,10384,11392,8902.1,6402.6,5392.8,4719.8,4834.4,4418.1,4302.6,4335,4264.7,4275.6,4311.6,4693.2,5046.7,5240.5,5252,5166.1,4965.5,4860.2,4965.2,5316.9,5610.5,5796.7,5987.4,5937.9,5319.3,5238.2,5388.3,6005.1,6680.9,7253.7,7782.4,8257.6,8658.3,9052.8,9468.2,9727.7,10063,10368,10805,11230,11688,12121,12441,12758,12981,13106,13310,13508,13689,13720,13326,9571.3,6873.3,,,,,,,,,,,,
14312,14319,13622,13393,13596,13510,13373,13265,13355,13069,13043,13038,13006,13173,13197,13285,13619,14025,14459,14688,14837,14967,14859,14591,14570,14511,14362,14024,12711,9528.7,7213.9,6274.4,5653.3,5230.4,4903.4,4655.8,4404,4160.4,4022.5,3970.5,3889.8,3812.6,3742.3,3578,3703,3743.4,3702.3,3692.3,3732.4,3741.1,3745.1,3700.7,3697.5,3819.8,4180.6,4714.6,5412.8,6031.4,6529.4,6900,7421.3,7714.1,7988.4,8205.1,8410.4,5310.6,7358.7,9884.3,10295,10691,11104,11492,11872,12159,12478,12763,12739,13588,10851,7795.6,6373.4,5457.7,5111,4953.6,4914.5,4929.2,4972.3,5111.8,5447.3,5576.5,5607,5643.7,5695.8,5884.3,6003.1,5997.8,5839,5732.5,5653.9,5845.1,6371.2,6934.4,6962.6,6974.4,7041.7,7543.9,8268.6,9061.2,9562.5,9945.7,9650.6,10583,10962,11246,11554,11806,11663,12118,12348,12545,12246,12480,12588,12487,12678,12393,12475,12622,12862,11023,8252.7,6721.1,5950.7,5496.1,5205.3,5105.4,5078.4,4979,4886.2,4923.4,5066.9,5289.7,5457.8,5412.2,5365.5,5547.2,5837.9,6148.7,6392.7,6525.3,6506.7,6824.3,7149.5,7424.9,7325.4,7314.9,7529.9,8020.8,8632.3,9479.2,9883.4,10553,10875,11301,11843,12297,12583,12806,12941,13003,13116,13441,13701,14074,14429,14709,15041,15454,15657,16144,13167,9521,7701.6,6320.4,5631.7,5276,5114.1,5051.2,5071.2,5101.3,5145.1,5225.1,5309.3,5402.7,5532.7,5764.2,6019.5,6285.7,6572,6969.2,7581,7956.6,8368.4,8544,8509.3,8607.8,9155.8,9826,10416,10750,11023,11321,11698,12099,12533,12942,13284,13543,13795,13912,14004,14276,14492,14780,15012,15296,15718,16100,16441,15531,11163,8684.8,7212.8,6455.4,6176.9,6393.2,6959.1,7737.3,8576.3,9241.5,9605.8,9735.6,9785,9807.1,9837,9947.1,10019,9935.8,9762.8,9822.7,9794.1,9787.4,9759.3,9791.9,9542.6,9008.7,8937.3,9553.1,10266,10896,11351,11709,12119,12460,12790,13073,13352,13720,13775,13916,14046,14282,14403,14459,14421,14346,14287,14379,14541,14352,15253,12490,9342.6,7274.5,5929.6,5420.6,5119.7,5058.5,5045.7,5028.3,5013.4,5191.8,5482.2,5619.2,5790.8,6083.8,6536,7042.7,7278.2,7318.6,7025.3,6672.1,6464.3,6247.9,6655.4,6753.1,6768.1,7139.2,7825.3,7997.1,8581.3,9164.8,9715.2,10170,10573,11029,11062,11208,11447,11864,12374,12798,13043,13354,13619,13952,14496,14966,15212,15292,15359,11304,7726.9,,,,,,,,,,,,,
24876,24979,25134,25250,25512,25640,25815,26051,26260,26484,26727,26896,26993,27081,27138,27177,27259,27261,27230,27167,27119,27061,26941,26749,26638,26662,26638,26322,23148,18328,14641,12447,11043,10414,10520,11049,11282,10603,10013,9414.1,8552.1,8085.6,7966.8,8188.6,9128.1,10113,9672.9,9191.6,9205.9,9178.1,8671,8514.6,9068.9,10307,11590,12461,13140,13613,13992,14433,14826,15203,15549,15835,16101,16356,16649,16798,16826,16751,16874,17156,17508,17885,18114,17993,18798,14530,11132,9035.7,8219.4,7688.9,7433.9,7328.1,7328.1,7486.5,7977.9,8440.3,7726.4,7387.2,7085.2,6920.9,6778.2,6592.4,6459.7,6552.6,7273.8,8226.5,9133,9182.1,8820.3,8705.5,8527.6,9415.3,9678.6,10299,11070,11861,12558,13055,13603,14051,14423,14776,15034,15275,15594,15894,16111,16230,16386,16507,16737,17094,17375,17389,17271,17120,16973,12244,8987.1,7248.3,6642.9,6267.5,6032.6,5998.1,6223.6,6711.2,7027.5,6782.5,6434.8,6313.6,6401.2,6875.6,7883.6,8173.2,7533.9,7335.8,7328.7,7040.9,6321.6,5990.2,6211.1,7258.9,8246.4,9117.5,9631.8,10216,10662,11168,11722,12089,12385,12638,12996,13363,13793,14175,14524,14802,15058,15341,15620,15850,16004,16136,15996,16922,13583,9257.1,7281.7,6655.7,6448.4,6383.2,6295.1,6142.4,6104.5,6828,7844.1,8655.9,8672.4,8216.8,7811,7386.7,7575.9,7759,8398.8,9451.1,10341,11123,11593,11392,10317,8389.3,7948.6,8228,9094.8,10075,11116,11712,12094,12440,12748,13057,13337,13651,13788,13945,14173,14365,14645,14959,15256,15492,15735,15906,15731,15459,15360,15207,11170,8367.8,6869.7,6452.2,6167.5,5886,5640.2,5472.8,5396.3,5521,5856.3,6432.8,7074.5,7691.7,8363.3,8909.5,9341.5,9676.5,9877.4,9718.5,8847.1,7846.6,6972.5,6934,7163.1,6730.4,6599.6,6928.7,7890,9165.7,10165,10888,11469,11796,12032,12295,12602,12963,13256,13534,13808,14006,14266,14582,14817,14952,14989,14998,15057,15230,15458,12727,8921.7,7293.9,6409.4,5947.5,5818.7,5691.2,5740.3,5550.4,5468.7,5303.2,5168.4,5106.3,5154.2,5341.2,5818,6641,7457.3,8351.3,9155.3,9918.2,10542,9571.1,7704.4,7119.2,7704.5,8931.5,10161,10782,11301,11749,12021,12342,12695,13009,13150,13198,13385,13611,13854,14069,14236,14351,14500,14743,14931,15106,15127,15004,11861,8234.6,,,,,,,,,,,,,,
29562,29271,29061,29048,28998,29060,29246,29558,29823,29998,30202,30143,29873,29786,29795,29829,29852,29854,29946,30231,30404,30523,30705,30749,30902,30993,31102,31117,31010,26062,21196,16658,13872,12406,11700,11240,10812,10287,9755.3,9461.9,9559.8,9733.3,9881.3,9780.3,9416.2,9050.3,8823.3,8638.9,8507.3,8465.7,8752.3,9319.8,10147,11216,11844,12080,12661,13329,13966,14518,14978,15435,15884,16292,16648,16978,17257,17578,17896,18209,18434,18651,18865,19154,19528,19928,20196,20061,20185,19762,14130,10432,8484.3,8015.3,8036.7,8106.8,7854.4,7621.2,7593.6,7690.8,8214.7,9193.6,10303,10575,10121,9943,10685,11717,12639,12569,11344,10528,10295,10884,10191,9582,9884,10881,12082,13178,14124,14670,15231,15685,16148,16517,16922,16786,16748,17081,17518,17990,18334,18575,18767,18939,19265,19609,19889,20239,15274,10663,9008.7,8528.8,8498.6,8644.3,8350,8241.6,8819.1,9897.7,10299,10682,10374,9044,8045,8078.4,9145.2,10112,10745,10968,11037,11094,10957,10770,11177,11072,10278,10431,11257,12278,13286,13782,14113,14422,14749,15026,15420,15835,16130,16396,16611,16819,16963,17111,17297,17469,17628,17877,18122,18071,18872,16240,10612,8391.5,7376.1,6849.6,6710.6,6598.6,6689.6,6546.3,6312.8,5936.8,5453.1,5168.1,5396.9,5624,5760.4,5874.4,6297,6966.8,7644,8126,8062.3,7487,7543.5,8228.5,9171.4,10112,10801,11441,12077,12479,12856,13386,13740,14048,14392,14729,15036,15321,15544,15815,16074,16433,16922,17275,16798,17002,17213,17355,17538,13119,9041.8,7270.6,6534,6057.5,5924.5,6006.1,6097.9,6239,6282.5,6241.9,6136.5,6049.3,6178.6,5950,5603.8,5398.3,5407.6,5602.1,6134.9,6995.6,7848.9,7621.5,7255.2,6993.3,6594.4,6683.1,7501.7,8862.8,9920.3,10608,11054,11459,11698,12024,12478,12776,13055,13937,11087,12906,12400,14130,14418,14755,15129,15501,15819,16137,16545,14350,9923,7726.7,6605.7,6238.5,6116,6295.9,6746,7005.4,7172.1,7613.7,8406.1,9467.4,10048,8902.4,7862.3,7543.7,7783.3,8602.1,8589.5,8485,9322,10361,11046,11625,11790,11016,10820,10917,11613,12069,12444,12655,12989,13316,13617,13872,13937,14111,14238,14280,14665,15083,15237,15290,15509,15752,15971,15982,16132,16511,13254,9538.5,,,,,,,,,,,,
28597,28704,28781,28811,28883,28788,28734,28763,28773,28862,29016,29008,29049,28996,28971,29018,29020,29040,29063,29134,29106,29273,29149,29140,29118,29161,29205,29145,24618,20316,17121,14336,13036,12366,11811,11380,11323,11917,13249,13971,13389,13201,13554,14470,14570,13167,12698,13042,13756,14601,15409,15754,13898,11764,11588,12340,13453,14682,15752,16683,17391,17876,18200,18511,18638,18852,19052,19423,19662,19973,20302,20621,20974,21290,21653,21818,21405,22648,18115,13316,10704,9399.4,8982.2,9169.5,9800.6,10566,10705,10464,10086,10078,10274,10589,10917,11142,11432,12184,13045,13711,13678,12894,12216,12329,12987,13958,13962,14221,14771,15363,15852,16309,16713,17029,17341,17523,17725,17994,18335,18815,18689,18767,19072,19311,19565,19878,20165,20417,20675,20896,21026,16412,11865,9257.5,8289.3,7830.7,7518.9,7184.2,6790.9,6399.1,6112.7,6024,6021.8,6246.9,6777.7,7582.7,7942.7,7049,6415.6,6244.2,6232.7,6338.2,6585.2,7265.3,8416.6,9333.5,9286.2,9637,10310,11093,11907,12389,12776,13039,13295,13568,13863,14187,14480,14653,14851,14994,15154,15316,15453,15559,15715,15879,16041,15964,16642,12858,8680.5,6909,6360.1,6295.8,6627.6,6828.6,6890.6,6705.1,6486,6276.1,6769.1,7609.2,8808.3,9825.7,10347,10372,9836.4,9496.3,9289.8,8734.9,8480.7,9010.7,9595.8,8618.9,8115.6,8289.7,9019,10268,11244,12017,12557,12920,13284,13609,14005,14387,14727,15003,15141,15275,15415,15641,15802,16151,16401,16552,16642,16824,17104,16860,10846,7902.6,6748.4,6362.9,6243.7,6251.7,5972.4,5787.6,5810,6130.6,6207.8,6237.6,6485.9,7338.6,8399.4,8916,9122.6,8391.2,7766.1,7460.8,7722.1,8526.1,8980.3,8847.4,8729.8,8633,8923,9734.7,10687,11478,11992,12405,12761,13145,13608,13961,14275,14465,14659,14888,15027,15188,15387,15582,15814,16112,16396,16758,16795,17094,12398,8155.7,6522.1,5884.3,5620.1,6054,6046.2,5971.7,6035.5,6432.1,7193.5,8350,9426.4,9465.6,8430.6,8470.4,9145.1,9780.8,9856.9,9849.1,9839.9,9778,9824.9,10390,10179,9870.9,9314,10128,11291,12156,12564,13012,13287,13481,13862,14140,14330,14464,14585,14639,10300,10616,13249,15210,15213,15415,15663,15806,16006,15044,10630,8272.9,,,,,,,,,,,,,,
27412,27559,27634,27799,27781,27967,28211,28379,28539,28749,28896,28896,28962,28645,29345,29367,29257,29688,29709,29745,29727,29707,29767,29555,29675,29642,29625,29578,25690,20306,16658,14611,13092,12094,11354,10691,10183,9700,9399.3,9139.4,8935.8,8883.6,9057.6,9402.2,9551.4,9626.4,10130,10951,10877,10436,10135,10323,10415,10259,10549,11350,12476,13555,14519,15936,13766,13766,19956,20328,18673,19031,19391,19568,19602,19517,19498,19599,20230,20976,21506,21835,21952,21892,22508,19437,13927,10625,9351.4,8617,8161.6,7976.4,8220.2,8983.5,9787.4,9602.3,9352.5,9452.5,10058,11036,11334,10411,9593.2,9312.8,9539.9,10216,11015,10896,10413,10445,11083,11927,12918,13761,14544,15345,15926,16465,16901,17247,17247,20966,18215,18441,18651,18771,18807,18786,18701,18592,18580,18846,19358,19730,20037,20370,17461,11993,9364,8281.9,7927.1,7702.1,7734.8,7966.1,8458.1,8992.4,8984.8,8688.7,8522.4,8751.8,9773.7,11161,10934,9758,8794.2,8391.7,8454.9,9195.6,9221.3,8920.6,8695.2,8882.2,9639.3,10674,11786,12777,13386,13927,14403,14795,15262,15779,16398,16954,17358,17703,18052,18378,18665,19056,19406,19780,20055,20350,20592,20654,19497,13374,10522,8995.4,8286,8037.7,8122.1,8650.5,9496.9,9517.9,9383.9,9727.9,10584,11503,11430,11093,10758,10350,10260,10650,11433,12453,12913,12879,13118,13540,13447,12886,12352,12892,13990,14883,15489,15958,16467,17201,17943,18767,19209,19435,19683,19955,20191,20519,20903,21139,21279,21357,21459,21571,21624,21771,19435,14235,10934,9282.9,8392.7,7922.5,7725.3,7587.5,7561.3,7843.1,8578.9,9626,10834,11587,11252,11148,11612,12380,13134,13114,12601,12471,13172,14015,14639,14149,12670,12301,13190,14319,15197,15716,16153,16515,16889,17339,17726,17972,18242,18520,18895,19222,19581,19785,20005,20330,20578,20823,21111,21255,21597,16597,12649,10169,8710,7906.9,7514.6,7192.3,6963.1,6771.6,6563.9,6339.7,6334.4,6568.4,7156.3,7882.6,8745,9203.1,9022.1,8333.2,7715.9,7564.6,7701,7830,7958,7869.1,7540.7,7786.7,8730,9706.5,10510,11170,11673,12136,12743,13474,14008,14540,15018,15352,15592,15725,15947,16207,16026,16124,16503,16873,17170,17578,18121,18637,15299,11403,,,,,,,,,,
27858,28240,28327,28407,28579,28730,27423,29094,29376,29502,29553,29514,29638,29639,29643,29715,29742,29810,29970,30167,30340,30416,30542,30549,30728,30771,30957,30876,29591,23652,19352,16025,13703,11987,10898,10282,10112,10013,9746.8,9481.8,9552.2,9667.8,9248,8904.9,8686.7,8522.1,8507.8,8872.6,9851.7,9720.1,9411.8,9354.2,9702.1,10315,10794,11636,12830,13803,14602,15216,16017,16646,17392,18176,18689,19028,19375,19597,19838,20198,20567,20880,21081,21287,21478,21696,21852,22016,22495,20760,15485,11883,9636.4,8476.3,8038.9,8065.5,8592,8982.7,9063.6,9033.4,8432,7893,7940.2,8529.2,9622.7,10039,9476.8,8862.4,9186.2,10127,11233,11928,11301,10543,10787,11779,12771,13559,14433,15138,15623,16045,16589,17098,17649,18083,18464,18834,19289,19686,20125,20617,20706,19769,19549,19978,20813,21385,21712,21978,22176,17943,12382,9412.4,8354.9,7960.6,7921.8,8376.2,9175.8,9753.7,9483.3,9369.2,10090,11196,12263,12764,12647,12005,11939,12677,13774,14445,13529,11906,10468,9937.5,10055,10435,7110.6,13040,15141,14413,15319,16103,16531,16817,16902,17001,17329,17947,18686,19212,19479,19635,19892,20118,20457,20740,20920,21153,21186,21480,17756,12389,9325.9,7905.5,7173.6,6838.2,6694.5,6762.1,7125.6,7604.4,7374,7075.2,6923.1,7052.1,7478.9,8129.9,8574.4,8953.8,9008.2,8961.8,8662,8488.1,8544.7,9153.6,9897,9466.7,9651.4,10449,11459,12333,13041,13316,13420,14031,14574,15144,15652,16143,16586,17038,17366,17771,18038,18286,18528,18876,19034,19239,19291,19375,19546,16506,10865,8005.4,6920.2,6498.8,6424,6692.9,7048.8,6913.6,6583.9,6506.7,6844,7695.1,7804.4,7232.6,6926.9,7076,7564.2,8338.9,8683,8391.4,7832.1,7659.4,8076.3,8613.4,8630.8,8378.3,8723.3,9624.9,10671,11514,12114,12643,13081,13625,14133,14852,15562,16040,16334,16593,16943,17276,17664,18128,18636,18982,19400,19704,20023,20171,18932,12977,9569.4,8049.4,7349.9,7221.6,7600.7,8371.5,9205.3,9621.6,10002,9860.2,9497.1,9655.5,10653,11643,10871,10253,10358,11037,11982,12098,11341,11463,12411,12230,10681,10086,10487,11674,13193,14100,14742,15243,15786,16338,17030,17716,18263,18700,19059,19409,19730,20018,20340,20693,21005,21296,21636,21956,22276,22495,15304,11079,,,,,,,,
34136,33529,33425,33402,33372,32998,33404,33346,33441,32709,33203,33701,33841,33752,33996,33669,33690,33947,33906,33800,33770,33815,33655,33706,33564,33760,33606,33431,32731,25996,20298,16276,13432,11817,10704,9841.8,9060.6,8426.1,8145.7,7938.7,7733.1,7567.8,7453.5,7460.3,7611.7,7945.9,8221,8192.9,8113.7,8046.2,8074.9,8024.5,8077.9,8127.2,8337.4,9034.9,10194,11445,12691,13917,15289,16536,18004,19343,20373,21273,21796,22585,9836.9,368.05,11746,21543,16060,174.09,11449,21138,22473,22793,21542,15073,11583,9227,7942.8,7235.8,6896.5,6467.5,6446.3,6701.3,6697.7,6577.7,6370.5,6267.1,6273.7,6520.8,6814.8,6744.2,6577.1,6529.9,6964.7,7186.8,7095.4,6814.9,7170.8,7187.4,7182.3,7426.7,8198.8,9435.3,10755,11920,12827,13551,14176,14745,15465,16203,16852,17464,17765,17397,17742,18253,18993,19384,20508,20936,21321,20655,21779,21115,15131,10863,8852.4,7473.3,6631.6,6051.8,5653.1,5345.1,5270.2,5245.6,5364.9,5517.8,5774,6246.6,6871.1,7736.1,8458.5,8961.3,9143.3,9369.5,9646.5,9930,9642.6,8782.7,8313.1,8377.3,8907.4,9855.8,11101,12162,12799,13323,13785,14181,14787,15638,16572,17365,18040,18711,19364,19910,20348,20928,21466,21838,22336,22783,23187,23230,23098,16683,12312,9556.1,8094,7165.4,6498,5990.4,5852.1,6027.4,6474.8,6817.2,6759.4,7076.4,7729.6,8211,8513.6,8295,8065,7795.9,7210.2,6207,7164.4,7145.6,6562.8,6054.9,5879.4,6434.1,7850.6,9166.8,10080,11148,11821,12601,13469,14263,14941,15635,16178,16646,17382,17968,18673,19143,19451,19027,19134,19729,20598,20755,15940,12152,9637.3,8173.8,7275.3,6852.1,6593.3,6352.7,6138.5,6008.8,6037.5,6561.1,7265.7,7808.5,7697,7449.6,7203.8,7009.2,6957.1,7027.2,7128.6,7099.4,7025.3,7037.9,7120.1,7556.4,8545.1,9617.1,10491,11183,11803,12465,13063,13917,14965,15561,16148,16399,16399,10814,18607,19386,20392,21048,21283,21310,21344,21570,22364,22839,24318,22460,16892,12978,10019,8402.3,7370.8,6938.5,6543.5,6199.3,5865.3,5625.1,5572.5,5740.8,6139.5,6553.7,6692.1,6651.5,6609,6676.2,7159.8,7753.7,8328.2,8800.4,9040.4,9179.7,9251.5,9623.5,10510,11382,12335,12414,13105,13964,14797,15650,16514,17111,17743,18213,18716,19248,19798,20130,20654,21085,21486,21853,22260,22600,23026,22770,18440
30164,30301,30451,30265,30460,30216,29968,30147,30279,30270,30523,30672,30860,3088.4,19943,29237,31166,31111,31183,31604,31253,31315,31486,31366,31331,31101,31637,30985,29733,24726,20326,16645,13349,11339,10094,9245.9,8584.3,8077.1,7704.3,7417.5,7261.7,7052.3,6911.7,6940.5,6997,6865.2,6746.2,6629.7,6659.9,6532.4,6453.7,6379.6,6446.7,6456.7,6904.8,7808.3,8793.7,9792,10511,11533,12435,13368,13958,14576,14964,15697,16197,16587,17191,17656,18175,18433,18938,19313,19879,20781,21294,21514,22594,19562,14022,10493,8476.3,7500,7273.3,7093.7,7100.9,6996.4,6897.7,6713.3,6311.5,6089,5922,5955,6077.5,6344.7,6399.9,6251.4,6071.6,5971.8,6083.5,6308.7,6699.1,7517.5,8093.1,8517.5,9168.7,10076,10832,11693,12461,13332,14149,14825,15310,15841,16272,16492,17047,17362,17569,17702,17782,17986,17706,18470,19046,19500,19838,20075,18283,12514,8646.6,6812.1,6088.8,5716.9,5556.3,5612.2,5793.1,5828.5,5729.4,5677.1,5727.9,6024.2,6495.4,7111,7827.9,7844,7531.8,7186.9,7101.3,7217.8,7725,8219.6,8312.6,7841.1,7568.9,7773.2,8494,9646.5,10804,11927,12890,13743,14489,15202,15897,16357,17013,17604,18125,18558,18876,19105,19323,19464,19581,3635,16021,20334,20169,20693,14535,9986.2,8123,7180.3,6648.4,6349.9,6173.6,6082,5747.9,5822.3,5843.8,5634.4,5456.8,5345.5,5414.9,5677.4,5899.4,6107.9,6381,6468.7,6573.4,6530.4,6238.4,6518.3,6330,6951.4,7588,8394,9378.9,10317,11225,12136,13008,13751,14356,15189,15866,15866,17509,17754,18091,18483,18650,18650,13030,17018,17578,17517,17917,17125,11278,7631.1,6206.2,5727.1,5352.9,5110.1,4977.8,4946.6,4972.1,5078.2,5194.7,5404.1,5919.3,6714.6,7198.2,7398.2,7521.1,7678.3,8000.2,8361.3,8064.4,7558.7,7485.4,7778.4,7857.7,7756,8052.5,8995,10100,10952,11594,12069,12560,13039,13738,14445,15101,15538,15841,16254,16726,17358,18156,18834,19297,19714,20048,20348,20573,21356,18429,12875,9599.7,7918.7,7001.8,6473.7,6342.7,6385.2,6288.8,6109.8,5877.3,5602.8,5382.1,5309.1,5283,5502.5,5566.3,5555,5582.4,5760.3,6061,6400.7,6586,6621.7,6742.7,6243,6308.6,6743.1,7803.8,8838,6938.7,6938.7,10654,11490,11810,12358,12649,12827,12994,13182,13493,14019,14898,15575,16015,16468,17031,17836,18535,19119,19595,15444,11337
29318,29145,28852,28748,27904,27081,26885,26940,27233,27280,27450,27677,27937,27952,27831,27725,27550,27304,27140,26791,26668,26612,26537,26349,26147,25622,25619,24920,20216,15634,11643,9165.4,7832.9,7286.5,7023.8,6829.2,6703,6749.8,6887.5,6855.6,6753.4,6770.5,6848.1,6993.1,7184.4,7273.8,7206.3,7169.8,7408.5,7900.7,8547.4,9034,9324.5,9333.6,9932.2,10973,11990,12897,13796,14716,15397,16012,16488,17027,17655,18176,18729,19171,19459,19880,20426,21015,21618,22245,22568,22644,23348,21890,15520,10843,8158,6852.2,6269.7,6060.4,5980.9,5974.8,6128.4,6487.8,6656.2,6816.3,7114.9,7371.9,7500.4,6944.7,6230.3,5927.8,5820.1,5801.8,5915.5,5921.3,6227.7,6184.2,6069,6439.5,7363.3,8294.6,9303,10143,11014,11014,13064,13726,14217,14851,15341,15663,15778,15761,16244,17039,17985,18598,19072,19449,19899,20612,20979,21106,21184,18103,12929,9379.3,7185.9,6348.2,5975,5736.5,5538.8,5360,5209.4,5057.5,5027.8,5068.5,5131.8,5164.1,5224.6,5265.2,5289.5,5410.1,5652.8,5804.8,5858.1,5819.6,5839.7,6103.4,6651.1,7384.4,8191.6,9220.5,9909.5,10653,11282,11840,12501,13131,13688,14374,14973,15461,15983,16444,16913,17407,17945,18583,19169,19669,19921,20019,19799,19396,12152,8696.2,6686.4,5879,5614.3,5548.1,5662.2,5963.2,6101.5,5912.8,5632.6,5552.2,5713.8,6017.6,5912.6,5529.2,5298.5,5300.4,5453.6,5676.1,5670,5553.9,5721.3,5402.1,5339.3,5706.3,6615.6,8021.7,9189.6,10043,10618,11448,12167,12800,12800,14277,14715,15102,15321,15495,15564,15563,15944,16768,17322,17975,18610,19292,19870,16504,11031,8475,7011.9,6166.9,5835.1,5749.9,5644.9,5431.8,5393.7,5670.8,6246.5,6863.9,7281.2,7377.8,7343.4,7358.9,7637,8265.6,8394.9,8151.2,7769,7528.9,7677.9,8090.1,8368.1,8615.6,8977.7,9637,10589,11488,12342,12929,13444,13941,14502,15057,15588,16001,16370,16707,17056,17417,17765,18104,18585,18967,19216,19744,20224,20308,20378,18408,12331,8745.1,7271.5,6481.4,5861.4,5579.5,5404.3,5372.1,5237.9,5107.7,5096.9,5115.8,5299.1,5490,5586.3,5739.6,6166.4,6697.7,6899.7,7149.1,7496.1,7812.7,7984.5,8374.6,7867.8,7479,8028.8,9122.8,10124,10830,11501,12213,12989,13978,14703,15451,16006,16331,16752,17120,17413,17731,18028,18386,18649,18888,19222,19732,17119,12460
29270,29471,29532,29537,29512,22518,22518,22518,27434,28445,26330,28449,28700,18116,22210,26318,25561,28409,21433,24264,28785,29994,30352,30254,30532,30518,30697,30911,29120,22351,19220,16334,13997,12053,10609,9711.1,9296.5,9078.8,8875.4,8687.9,8486.8,8177.4,7909.9,7771,7722.4,7755.9,7866.9,7931.6,8162.6,8628.5,9180.4,9665.7,9966.2,10042,10096,10713,12210,13680,14544,15322,16196,17247,18170,18968,19622,20208,20696,21151,21546,21782,22149,22425,22661,22887,23186,23078,22559,23380,22520,17501,13679,10990,9043.8,8002.5,7556.2,7376.2,7300.6,7246,7228,7459.3,7604.9,7589.3,7388.7,7340.8,7471.8,7790.1,8479.8,9409.8,9743.3,9586.8,8973.4,8493,8592.8,8548,8563.3,9333,10671,11728,12562,13308,14089,14820,15647,16430,17032,17584,18003,18400,18391,18525,19080,19795,20434,20841,21072,21218,21439,21789,22239,19146,14604,11074,8679.4,7338.3,6753.3,6515.5,6438.7,6475.4,6671.2,6952.8,7585.9,8267.5,8828.2,9224.9,9164.5,8815.9,8676,9163.2,10187,11325,11643,10868,9977.4,9168.1,9057.2,9898,11000,11898,12725,13550,14339,15158,16013,16484,16819,17297,17795,18407,19045,19641,19902,20104,20332,20600,20806,21215,21810,22260,22231,22799,22831,17490,12967,10073,8389.4,7640.2,7254.3,7119.1,7228.9,7550.9,8210.2,8564.5,8516.7,8345.7,8422.1,8942,9812.6,10573,10875,10019,9047.3,8136.3,7721.2,7730.1,7681.7,7870.8,8554.1,9516.4,10513,11486,12420,13332,14241,14962,15676,16410,16865,15055,14420,17755,18214,18563,18676,18713,18816,18781,18846,19154,19722,20488,20958,16280,11016,8709.9,7441.4,6947.6,6595.1,6403.2,6390.6,6548.2,6896.6,7219.9,7531.5,7968.7,8117,7804.9,7347.2,7047.7,7327,7973.9,8663.3,8894.9,8875.5,8754.8,8847.7,8838.1,8975.6,9515.2,10330,11273,12289,13136,13676,13885,14120,14401,14841,15273,15685,15961,16111,15940,16135,16505,17100,18099,18839,19365,19601,19437,20068,19522,13354,9288,7381.9,6554.8,6028.2,5853.7,5871.7,6038.7,6333.4,6395.3,6319.8,6227.7,6162.2,6095.5,6096.1,6186.4,6296.6,6513.8,6947.5,7770.5,8581.7,8773.2,7664.6,7357.8,7056.4,7503,8539.4,9831.7,11070,12139,12799,13185,13406,13797,14323,15010,15790,16577,17257,17700,17965,18207,18739,19216,19514,19676,19717,19750,19819,16787
18102,17471,16609,16585,16477,16564,16854,17078,17566,18315,18927,19131,19587,20222,20935,21477,21871,22376,22801,23166,23217,23249,23399,23629,23793,23846,23739,23596,23467,20249,15222,11635,8967.6,7729.1,6979.2,6517.2,6125.9,5883.2,5892.3,6516.7,7403.2,7736,7562.2,7482.1,7699.9,8465.7,9173.7,9333.2,9926.4,9988.9,9461.6,9175.2,9018.6,8495.7,7784.3,7555.2,7968,8895.1,10084,10956,11691,12302,12889,13495,13856,13836,13023,12171,12114,12608,13387,14068,14028,13275,13247,13733,14258,14828,15185,15018,12285,8377.1,6333.7,5298.3,4788.5,4254.3,4060.2,4065.4,4255.6,4260.2,3942.8,3916.7,4274.9,5000.9,5633.6,5229.4,4640.6,4194.7,4010.3,3956,3854.9,3806.4,3870,4465.1,4801.7,4833.1,5063.4,5610.3,6470.1,7469,8431,8577.6,8132.7,8286.7,8851.2,9719.1,10537,11177,11757,12170,12612,12873,12977,13095,13074,12178,11591,11462,11482,11718,12421,10237,7200.6,6014.3,5364.2,5039.1,4902.6,4866.6,5143.2,5335.9,5518.6,5679.1,5713.8,5766.5,5733.7,5532.3,5512,5842.5,6088.8,6522.3,6845.3,6545,6143.7,5999,6432.6,7243.7,8281.7,8985.7,9627.8,10254,10866,11539,12029,12509,12981,13446,13831,14178,14512,14930,15234,15241,15222,15323,15102,14955,15605,16467,17210,17654,17967,17950,16024,10465,7797.3,6610.8,6097.4,5716.8,5516.9,5713.9,5673.1,5295.6,5060.3,4989.8,5233.1,5632.5,6220.2,7005.1,6956.1,6659.2,6468.4,6476.3,6839.8,6761.1,6224.2,6054.3,6111.2,6329.9,6873.4,7569.4,8543.7,9702.6,10538,11086,11600,12073,12669,13405,14241,14962,15430,15832,16238,16560,16832,17124,17579,17849,18032,18121,18189,18378,18604,18139,13183,9958.9,8401.9,7719.8,7406.4,7176.9,8239.9,8276.6,9122.9,9398.6,9084.4,8412.4,8160.5,8340.8,8382.2,8067.6,8158.2,8786.5,9706.5,10770,11702,12263,12945,13558,14142,14621,15049,15524,16186,16685,17109,17481,17756,18043,18518,18934,19083,19050,19051,19059,19240,19404,19243,18988,18956,19055,19246,19612,20147,20423,20475,15235,11317,8836.3,7572.1,6310.1,5477.5,4933.2,4720.9,4541.7,4338.5,4410,4699.3,5038,5067.9,5092.5,4816.6,4564.2,4469.1,4496.5,4308.6,4255.6,4316.6,4303.1,4447.9,4607.6,5086.2,5208.4,5879.1,6763.2,7451.8,8065.2,8546.2,9058.4,9755.8,10402,10851,10833,11398,11656,11656,12489,11879,11842,11842,6431.4,10189,13988,14429,14925,15374,13041,9515.9,7764.3
22132,21743,20987,21047,15164,22167,22482,22479,22425,22506,22385,17755,17755,21638,21638,18466,19161,20180,20313,20452,20522,20313,19940,19709,19646,19875,20162,20498,19008,13325,10251,8925.6,8362.8,8113.4,7684.3,7511.1,7544.5,7573.5,7575.5,7781.6,8309.5,8428.8,8096.7,7551.7,7385.5,7689.6,8118.1,8245,8266.5,8235.7,8213,8287.1,8696.7,9370.2,276.24,2720.1,1506.1,10490,11479,12456,13159,13568,13831,13939,14035,14311,14884,15547,16118,16533,16715,16933,17555,18215,18766,19214,19650,19842,20576,16027,10664,8306.7,7202.7,6427.3,5858.3,5463.1,5097.6,4922.8,4881.9,5011.7,5452.9,6078.3,6967.7,7973.3,7915.3,7151.1,6559.8,5962.7,5570.6,5314.3,5409,5842.1,6123.9,6818.7,7589.5,8419.8,8987.8,9944.8,10943,11825,12725,13175,13414,13737,11942,14548,14713,14573,14608,14773,15034,15189,15246,15353,15250,14767,14865,15301,15812,16203,16526,12480,8868.3,7656.3,7403.5,7720.3,8576.1,9834.8,11061,12033,12757,12818,12896,13515,14455,14852,14983,14981,15263,15525,15630,15070,14425,14500,14944,15335,15561,15284,15224,15784,16657,17368,17815,18196,18532,18574,18572,18793,19082,19411,19732,19961,20205,20453,20757,20945,21030,21079,21069,21114,20963,19529,14152,10469,8182.2,7155.2,6678,6347.4,6145,5941.5,5772.7,5643.8,5515.8,5449.9,5446.3,5406,5378.7,5273.2,4946.1,4694.7,4719.2,5170.9,5410.1,5831.7,6427.6,7284.8,7616.7,7322.1,7608.1,8993.9,10180,11032,11675,12288,12727,13301,13854,14299,14632,14928,15139,15337,15439,15533,15792,16065,15843,15379,15513,16166,16719,17226,17344,13366,10056,8459.6,7734.3,7401.1,7963.6,9191.4,10564,11064,10907,10356,9813.3,9710.3,9449.6,8711.1,8027.9,7823.6,8224.7,9218.6,10339,10978,11071,10387,9947.3,10140,10942,11866,12151,13142,13426,13707,14089,14636,15128,15439,15456,15377,15327,15328,15410,15756,16211,16486,16798,17035,17272,17293,17228,16730,17400,17715,15732,11123,8475.3,6965.4,6259.7,5908.2,5786.8,5900,6314.3,6696.2,6745.7,6512.1,6364.7,6288.1,6346.6,6553.6,6610.6,6515.9,6434.4,6856.3,7047.4,7293.4,7880.8,8192.9,8291.2,8375.9,8311,8563.5,9410.9,10490,11436,12133,12717,13268,13650,14018,14450,14757,15048,15312,15581,15555,14996,14577,14284,14466,15129,15892,15371,15266,15620,15817,11711
20792,20829,20872,20864,20795,20758,20802,20780,20846,20896,20944,21099,21160,21161,21179,21213,21273,21433,21605,21716,21773,21839,21816,21830,21811,21647,21525,20896,17209,12595,9828.3,7537.8,6304.3,5629.7,5130.8,4754.1,4491.5,4288,4162.6,4063.6,4112.8,4413.4,4913,5399.7,5412.3,4827.5,4228.2,3965.6,3770,3630.7,3515.4,3396.8,3369.6,3440.4,3756.7,4245.8,4769.5,5346.8,6059.7,6753.3,7473.7,8013.9,8559.2,9125.7,9740.1,10401,11036,11715,12208,12683,13030,13330,13632,13950,14265,14565,14427,14523,14379,10691,7923.5,6087.3,5216.2,4836.4,4559.5,4167.2,3822.1,3671.7,3755.5,3836,3602.9,3431.8,3344.2,3403,3589.1,4209.5,4118,3971,3942,3964,4059.3,4388.9,4456.1,4235.5,4524,5165.9,5726.3,6283.6,6849.1,7445.8,8026.3,8482.8,8920.8,9297.3,9731.2,10225,10734,11253,11610,11966,12258,12497,12820,13087,13450,13767,13939,14194,14379,13995,10173,6669.6,5250.8,4515.1,4234.9,4096.8,4099.5,4405,5058.3,5823,6282.8,6347.2,6152.4,5974.1,5666.4,5225.3,5129.5,5152.9,4855.3,4308.8,3898.2,3663.5,3742,4180.3,4571.2,4854.2,5265.5,5910.3,6534.2,7143.1,7629.5,8062.3,8464.7,9007.8,9533.3,10110,10719,11105,11384,11633,11840,12071,12348,12630,12889,13204,13524,13895,13967,14814,10461,6931.2,5471.7,4693.4,4246.6,4048.3,3804.2,3666.6,3767.6,3476.4,3385.2,3412.6,3469.5,3550,3824.6,3943.8,3612.3,3694.4,3446,3436.4,3624.6,3535.8,3469.4,3546.7,3393.3,3595.3,3990.4,4539.6,5185.2,5909.5,6468.3,6888.8,7281.3,7671.2,8018,8454.8,8940.8,9312.9,9688.9,9977.1,10292,10644,6876.3,11513,11947,12219,12490,12686,12783,12824,12468,8572,6008.2,4881.9,4349.3,4103.1,3885.2,3655.9,3513.8,3554.8,3796.9,4283.4,4955.8,5620.5,6101.8,5764.1,5546.5,5798,6218.6,6445.8,5624.9,4690.5,4223.3,4024.6,3899.3,3776.1,3703.9,3806.6,4363.3,5324.3,6077.3,6757.6,7304.7,7802.4,8283.4,8763.7,9274.9,9718.3,10024,10253,10472,10651,10927,11175,11518,11825,12130,12439,12804,12759,13661,11141,7666.8,6039.7,5074.6,4598.5,4213.8,3879.9,3863.6,3832.7,3751,3565.6,3355.8,3275,2766.5,2659.4,2712.7,2704.5,3028.6,3136.8,3339.5,3962.7,3668.3,3758.2,3756.2,3871.2,3548.6,3186.8,1610.1,4396,4446.8,5135.9,5743.7,6227.7,6640,6891,7171.9,7445.5,7718,8100.8,8592.7,9069.2,9674.8,10273,10832,11167,11395,11608,11817,12039,12286,12507,12417,9116.8
17966,18006,18039,18134,18322,18390,16728,18581,18598,18479,18270,18260,18170,18245,18328,18540,18797,18981,19001,19031,18994,18961,18912,18882,18840,18842,18783,18778,17083,13089,9501.8,7276.8,5735.8,4994.9,4456.8,4056.1,3780.4,3554.9,3320.5,3228,3191.6,3338.4,3558.9,3787.2,4029.1,4080.6,4147.1,4135.1,4134,4090.8,4003.4,3908.2,4018.5,4474.2,5204.8,5799.5,6358.7,6824.9,7265.5,7809.4,8304.5,8772.7,9157.2,9470.9,9764.4,10072,10406,10629,10864,11062,11348,11637,11810,11990,12126,12168,11994,12838,9394.4,6479,4694.4,4098.7,3988.9,3974.1,3812.5,3852.3,4000.3,4161.4,4583.1,4002.4,4194.4,3996.1,3845.3,3678.5,3550,3592,3650.1,3748.3,3888.3,4085.8,4298.5,4504.5,4942.1,5352.8,5693.5,6184.8,6673.5,7071.5,7432.7,7438.9,7821.4,8316.6,8817.3,9114.5,9419.6,9656.5,9888.3,10215,10476,10802,10975,11119,11320,11552,11940,12415,12783,13076,13214,10014,6603.3,5104.9,4406.1,4160.9,4122.4,4119.4,4229.9,4507.2,5223,5898.2,5697.2,5352.7,5197.6,5098,4717,4432.7,4696.9,5264.4,5839.9,6143.8,5795.7,5219.5,4935.4,5166.9,5142.2,4871.6,5029.5,5518.4,6158.1,6889.3,7601.3,8224.1,8707.8,9099.2,9455.5,9780.6,10091,10540,10999,11454,11919,12290,12583,12798,12987,13272,13485,13340,14105,12146,7924,5598.8,4718,4211.9,3960.5,3802.3,4058.1,4694.3,5039.5,4899.7,4849.6,4999,5355.7,5492.5,5246.2,5337.9,5865.6,6363.6,6889.2,7096.5,6544.4,6158.1,6666.4,6694.4,7048,7275.7,7639.3,8207.6,8861.3,9413.9,9824.5,10094,10384,10563,10834,11058,11286,11568,11780,11991,12209,12431,12635,12865,13080,13338,13559,13789,13942,13668,9115.3,6300.7,5101.2,4455.1,3981.9,3671.7,3539.6,3541.3,3650,3719.6,3903.1,4171.5,4484.7,4845.5,5193.4,5290.9,5312.8,5372.3,5472.3,5702.1,6077,6458.3,6521.2,5913.6,5879.9,6128.8,6431.4,6847.3,7272.4,7756.8,8223.3,8703.7,9122.8,9556.1,9937.5,10298,10629,10924,11226,11547,11789,12047,12274,12466,12691,12911,13117,13356,13546,13821,13743,14757,10282,7231.7,5607.9,4811.3,4551.6,4148,4160.3,4219.7,4430.5,4393.3,4515.8,4887.1,5134.2,5234.8,5163.5,4848.4,4548,4614.3,4251.9,4585,4222.6,3954.2,3867.3,3801.6,3739.2,3703.4,3805.9,4177.8,4898.2,5621.5,6229.1,6716.3,6689.7,7074.7,7458,7842.8,8193.8,8422.1,8635.7,8836.3,9013.9,9268.3,9568.2,9831.5,10011,9979.4,9841.1,10016,10435,10830,8528,5631.9
19072,19106,19158,19218,19224,19194,19171,19164,18970,18887,18974,18937,19005,18981,18945,19012,18992,19243,19428,19596,19565,19615,19625,19757,19940,20016,20072,20124,18182,13863,10117,7836.4,6681.8,6096.4,5875.6,5891,6079.8,6374.1,6598.4,6488.9,6342.6,6358,6655.6,7079.2,7360.1,7058.5,6538.5,6365.7,6406.8,6569.4,6736.9,6928.9,7362.8,7945.9,8384.2,8766.4,9197.1,9633.3,10173,10653,11275,11754,12203,12592,12917,13151,13366,13512,13578,13651,13759,13829,13954,14175,14522,14958,15290,15293,16235,13404,9478.6,7012.4,6023.6,5556.7,5348.9,5304.2,5393.5,5491.9,5677.1,5987.3,6364.4,6489.5,6332.2,6132.3,5860.2,5395,5203.4,5202.3,4863.1,4480.2,4474.7,4271.4,4153.8,3955,3663.7,3715.6,4014.6,4512.1,5272,6031,6717.2,7291.2,7735.8,8107.8,8446.2,8737.5,9069.6,9402,9722.4,9980.6,10306,10679,11182,11546,12016,12379,12619,12832,13016,13214,9877.1,6423.3,5047.9,4517.9,4296.7,4165.8,4078,4129.1,4430.6,4896.9,5205.3,5141.6,4863.5,4489.1,4137,3991.4,4221.4,4769.1,5300.1,5747.2,5621.1,4922.6,4628.4,4881.5,5132.1,4806.9,4593.4,4767.4,5305.4,6105.2,6687.9,7190.7,7596.7,7930.2,8225.2,8588.6,8917.3,9330.1,9678.7,9913.6,10112,10292,10497,10797,11155,11402,11588,11690,11794,11641,11686,7202.6,5267.6,4460,4092.1,4063,4268.7,4669,5076.8,4982.2,4855.5,4893.1,4878.6,4909.5,4962.3,4964.6,4814.4,4195.5,4045.5,4037.9,4297.6,4437.8,4478.7,4471.5,4555.6,4095.4,4068.3,4222.8,4677.6,5450.1,6102.9,6574.2,6948.1,7313,7624,7979.7,8409.3,8757,9087.8,9333.5,9553.9,9792.4,10028,10239,10423,10634,10896,11152,11500,11847,12153,11237,7360.2,5312.2,4335.1,3928.2,3699.5,3505.8,3388.5,3221.8,3093.1,3090.7,2989.2,3018.5,3058.6,3212.6,3472.9,3635.1,3932.8,4278.5,4756.6,5010.2,4964,4873,4929.5,5164.6,5519.8,5847,6106.9,6387.5,6862,7318.4,7718.7,8027.4,8465.2,8975.9,9503.2,10024,10303,10568,10764,11061,11384,11938,12420,12710,12936,13170,13561,13885,14280,14381,15309,11540,8387.5,6713.9,5767.5,5092.7,4586.6,4308.3,4146.6,4017.3,3985.7,4247.5,4373.9,4562,4979.8,5395.7,5540.5,5496.6,5417.3,5348.6,5042.1,4997.5,5226.7,5341,5399.8,4699.7,4310.8,4320.2,4973.2,5774.8,6461.3,6967.4,7460.3,7974.7,8494.2,9030.2,9469.9,9949.2,10337,10782,11351,11996,12463,12763,12808,12728,12604,12553,12684,12932,13177,12723,9297.6,6341
32187,31994,31933,32031,31917,30439,31706,31904,29084,32036,32440,32487,32597,32587,32808,32808,31099,32709,32889,32987,32936,32843,32801,32902,32787,32907,32259,33027,30286,23639,19893,16787,14746,12965,12007,11238,10670,10196,9781,9508.2,9258.6,9060.7,9022.5,9238.3,9618.4,9634.1,9335.7,9023.1,9159.1,9635.9,10464,11488,12151,12623,13177,14418,15741,16516,17100,18058,18877,19850,20953,21826,22676,23361,23990,24512,25121,25837,26366,26756,27099,27444,27776,28214,28601,28913,26702,20952,16568,13722,11550,10302,9633.3,9175,8762.6,8514.7,8487.9,8539.9,8714,8994.4,9106.4,9088,9115.3,9214.7,9215.6,9356.6,9493.2,9584.1,9551.3,9583,9743.3,9779.2,10168,11258,12644,13757,14778,15699,16826,18164,19250,20334,21082,21681,22198,22813,23503,24106,24436,24770,24968,25237,25460,25736,25972,26289,25993,20891,16122,12407,10509,9427.8,8892.7,8500.7,8217.1,8146.5,8173.3,8138.8,8156.3,8399.3,8782.2,9354.6,9963.4,10493,10430,10055,9810.3,9781.6,9994,10630,11615,11133,10111,10330,11287,12597,13803,14920,16062,17534,18645,19558,20217,20717,21110,21601,21908,22171,22396,22556,22741,22903,23213,23480,23867,24345,24870,25518,22626,17450,13787,11667,10957,10685,10673,11070,11961,13049,13513,13332,13067,12801,12629,12466,12364,12878,13670,14173,14340,14417,14568,13804,13179,12799,12917,13794,15032,16262,17344,18402,19516,20549,21203,21776,22057,22199,22486,23040,23570,23951,24194,24552,25180,26132,26900,27421,27638,27236,28604,23126,16986,13153,11414,10661,10304,10079,9909,9887.3,10274,10944,11866,12287,12349,12243,11933,10967,10277,10132,10538,11318,11788,11774,11368,10398,10437,11171,12237,13811,15049,16303,17187,18097,18934,19749,20403,20914,21365,21791,22476,23035,23480,23873,24329,24690,25035,25379,25618,25895,26034,23664,16833,12629,10760,9785.4,9382.7,9223.5,9215.5,9246.9,9246.9,9456.1,9824.8,10218,10353,9940.9,9348.9,9028.4,9323.9,10033,10720,11099,11055,10398,9724.6,9693.5,10038,10659,11687,12992,14212,15098,15826,16485,17207,17978,18862,19742,20550,21084,21562,21936,22373,22860,23238,23542,23692,23883,24195,24400,24086,23368,15477
29937,29979,30096,30158,30098,30363,30330,30205,30406,30441,30302,30379,30342,30277,30282,30052,30092,30114,29984,29815,29633,29574,29599,29525,29484,29426,29253,28328,28130,20782,16280,13968,12218,11094,9981.3,9393.9,9100.3,8708.9,8748.3,8673.6,8712.1,8864.7,8981.1,8945.2,8811.8,8690.8,8633.8,8661.7,8769.7,8840.5,9046.4,9011.8,8524.3,8347.4,8461.4,9757.6,11007,12562,13712,14692,15639,16467,17269,18052,18858,19553,20089,20483,20922,21412,22117,22634,22990,23345,23769,24140,24463,24603,24651,20144,14872,11896,10284,9344.6,8885,8492.9,8049.2,7858.6,7925.3,7987,7932.5,7798.6,7523.7,7340.5,7253.7,7162.4,7161.5,7273.3,7514.2,7866.5,8703.2,9214.3,9201.7,9113.4,8768.4,8519.9,8598.4,10171,11596,12740,13544,14400,15146,16112,16898,17721,18739,19493,20148,20735,21049,21272,21265,21530,21914,22335,22672,22929,22770,23454,20310,14864,11641,9753.3,8506.8,7811,7251.7,7017,6976.9,7126.6,7328.3,7656.3,7809.8,7494.9,7307.4,7298.7,7246.4,7141.1,7043,6970.9,7151.4,6968.3,8601.3,7039.7,7058.2,6637.2,6911.4,7982.4,9213.9,10422,11397,12123,12851,13725,14732,15509,16100,16363,16677,17032,17457,17932,18094,18391,18666,18955,19330,19722,20090,20526,19138,14535,11107,8645.1,7705.5,7163.9,6902.1,6745.5,6725.7,6752.8,6935.6,7356.5,7424.6,6974.2,6704.3,6618.5,6735.5,6987.3,7234.1,7598.3,7798.6,7746.5,7799.4,7996.8,8250.1,8355.4,8359.2,9457.1,10547,11644,12333,13029,13907,14766,15533,16098,16686,17224,17702,18095,18592,18800,18888,19042,19274,19492,19578,19518,19472,19223,20333,16758,12158,9476.2,7973.7,7214,6766.9,6468.9,6292.6,6138.3,6138,6112.5,6149.3,6351.7,6642.7,6995.3,7334.8,7518.5,7512.8,7214.9,6974.5,6954.7,7162.5,7605.3,8189,8093.5,7735.3,8260.7,9204.7,10323,11525,12256,13009,13745,14445,15304,15691,16132,16675,17486,18502,19324,19769,20064,20301,20630,20972,21242,21435,21493,21389,17640,12336,9169.6,7719.9,7109.4,6791.7,6570.2,6326.9,6119.8,6068,6206.1,6473.2,6856.3,7153.8,7275.8,7456.4,7559.7,7525.5,7426.3,7436.2,7589.6,7806.9,7843.6,7715.1,7518.5,7390.8,7808.9,8678.6,9831.5,10876,11842,12760,13677,14489,15213,15778,16234,16683,17116,17631,17984,18398,18849,19097,19224,19430,19841,20116,20402,20307,21055,19863,13533,9509.6
26030,26207,26264,26429,26419,26603,11450,24841,27250,27273,27361,27458,27435,27381,27276,27218,27245,27243,27261,27356,27428,27563,27713,27725,27808,27822,27795,24152,27051,22803,19622,17174,15062,13496,12346,11348,10668,10036,9635.9,9260.8,9073.4,8870.9,8760,8641.6,8588.5,8723.1,9126.4,9356.7,9254.8,9012.2,8685.6,8537.5,8636.9,8894,9304.2,9939.3,10658,11570,12422,4900.3,4900.3,22299,15141,15446,15817,16132,16457,16686,16926,8894.9,17951,22425,8302,21626,22803,1.0472,18158,17184,17656,17481,12804,10434,9073.2,8220.7,7863.3,7801.6,8098.4,8700.2,9506.7,10421,11567,12366,3407.7,15250,19356,14196,14469,14574,14801,15239,15426,14499,13608,13149,13058,13255,13852,14498,15269,15598,12129,18029,18599,19639,20333,20991,21453,19586,12767,11303,20821,22872,10.35,25551,21688,23629,23609,23571,23437,23403,23104,18601,14856,11849,10142,9341.1,9096.2,9194.3,9618.9,2445.7,15062,12759,11899,12456,1114.4,24574,5834.8,14680,15209,15151,14994,15117,15414,15587,18744,13606,12172,11905,12306,12935,531.83,5833.9,24019,22310,25701,17148,11701,5731.3,21809,18251,20651,20651,20306,19019,18904,19094,19297,20018,6956,17810,18033,19222,24791,20850,13726,11407,9338.6,8232.4,7393,7152.2,7061.9,7116,7324.3,7529.1,7661.4,7629.2,7466.5,7462.1,7697.7,7860.7,7775.4,8011.3,8559.5,8993.1,9514.3,9743.7,9958.3,10239,10275,10560,11311,12083,12693,13226,13743,14395,14914,15412,13945,16866,17509,17974,18308,18591,18881,19152,19393,19639,19972,20406,20697,20882,21053,18610,15163,12545,10703,9374.2,8525.9,7932.9,7814.5,8050.3,8133.2,8081.5,8438.5,8842.8,9348.9,9708.1,9843.3,10007,10357,10884,11573,12100,12360,12471,12610,12976,12975,12706,12709,13354,11512,14780,14780,20189,20830,16963,17139,17350,17443,17524,17511,17503,17612,17837,18255,18744,19234,17446,20055,17763,6759.5,18725,24412,17173,14024,11107,9592.2,8922.6,8568,8519.3,8683.3,8852.3,8762.9,8412.3,8040.4,7894.9,8065.3,8571.7,9293.3,10026,10473,10637,10800,11182,11742,12302,12880,11704,11246,11056,11228,11684,12330,12989,13582,14077,14550,14976,15354,15794,16120,16461,16801,11521,16371,18335,18736,15787,5835.7,17991,20892,20100,19891,19753,16664,12570
26861,27382,27829,28035,28246,28332,28414,28423,28524,28524,28706,28714,29016,28956,29013,29121,29062,29222,29354,29331,29352,29450,29381,29620,29648,29448,29148,29136,25186,21052,17366,14855,12995,11484,10376,9733.7,9416.6,9245.9,9192.7,9089.1,8960.1,8871.7,8899.8,8914.5,8889.2,8815.3,8823.2,8862.1,8934.3,9151.8,9614.8,10036,10273,10397,10818,11663,12406,13165,13821,14404,14957,15443,15909,12361,16693,17166,17695,17985,18431,18793,19064,19306,19242,20160,20773,21505,22213,22797,21659,17091,13910,11508,9932.9,8954.8,8313.1,7766.6,7545.1,7544.4,7758,8133.6,8638.4,9200.3,9876.7,10250,10309,10040,9466.8,9174.3,9311.2,9901.4,10656,11398,11924,12325,12578,12863,9839.5,4.1888,14784,14968,15461,15957,16343,16514,16561,16535,16486,16543,16656,17170,17787,18311,18644,18912,19218,19570,19739,20020,20255,20667,21105,17724,13711,11204,9757,8825.4,8234.8,7835.6,7758.3,7915.7,8363.2,8665.2,8645.1,8458.6,8157.2,7813.3,7572.2,7509.1,7482.5,7664,7998.8,8418.8,8896.8,9246.7,9052.5,8865.4,9106.3,10073,10693,11377,12001,12550,13019,13472,13932,14202,14417,14694,14929,15289,15681,16057,16507,16900,17317,15436,17905,17861,17988,18275,18531,19013,17053,13633,10666,8731.1,7886.3,7326.8,7043.8,6912.5,6811.3,6795.7,6889.2,7108.2,7629.1,8460.2,8640.8,8572.3,8546.1,8763.2,9245.6,9808.5,10287,9974.7,9256.7,8665.8,8507.8,8780.1,9400.7,9981.2,11192,11235,11754,12242,11146,13288,13803,14131,14338,14463,14660,14880,15050,15249,15456,13128,917.43,6203.7,17097,17718,18060,18473,17007,13891,11120,9022.5,7791.4,7547.5,6725.4,6698.3,6741.7,6819.8,6941,7055.8,7198.5,7512.9,8249.5,8975.7,9827.6,10359,9895.8,9151.2,8895.3,8951.4,9379.1,9874.7,10507,10797,10932,11541,12178,12888,13472,13767,13586,14872,15273,15575,15888,16129,16439,16557,16615,16690,16868,17233,17519,10669,17947,18904,19098,18979,19078,18820,14722,11462,9148,6548.4,7038.6,6671.9,6531.4,6507.8,6636.2,6950,7246.2,7464.4,7503.4,7392.1,7272.9,7157.4,7026,6937.3,6952.2,7059.5,7089.1,7090.8,7199,7494.1,7988,8499.5,8831.1,9211.7,9719.4,10377,10928,11611,12386,13006,13549,14070,14470,14883,15286,15914,16323,16879,17609,18249,18595,18805,18945,19010,18936,18862,17067,17543,12528,9338.5,7736,6825.3,6319.7,6007.1
