0,148,268,388,514,615,703,853,967,1157,1418,1608,1707,1823,1937,2043,2158,2247,2338,2427,2530,2658,2774,2876,3003,3106,3172,3303,3380,3483,3594,3696,3799,3915,4035,4126,4216,4332,4442,4532,4609,4735,4852,5061,5176,5279,5409,5499,5602,5738,5828,5930,6058,6149,6262,6313,6426,6525,6612,6725,6839,6965,7077,7190,7330,7399,7462,7588,7663,7776,7899,7987,8100,8213,8327,8428,8528,8654,8767,8880,8994,9057,9158,9283,9436,9537,9637,9736,9824,9929,10030,10156,10231,10319,10438,10590,10692,10796,10915,11019,11137,11261,11367,11442,11567,11681,11798,11913,12064,12190,12290,12407,12496,12617,12720,12826,12945,13065,13168,13282,13389,13502,13629,13755,13868,13987,14087,14188,14277,14405,14480,14617,14731,14845,14970,15071,15136,15278,15439,15568,15672,15788,15879,15994,16122,16237,16373,16488,16616,16719,16847,16975,17091,17195,17259,17385,17488,17580,17678,17819,17950,18066,18167,18293,18381,18494,18595,18708,18798,18936,19049,19149,19288,19407,19508,19634,19759,19895,20033,20121,20222,20347,20473,20573,20697,20833,20958,21058,21160,21260,21386,21461,21560,21709,21834,21947,22097,22244,22370,22476,22588,22715,22813,22938,23052,23177,23297,23409,23545,23656,23816,23915,24044,24176,24285,24386,24497,24582,24681,24818,24942,25091,25261,25392,25518,25623,25757,25897,26040,26155,26351,26508,26621,26747,26860,26956,27044,27221,27337,27426,27606,27809,27972,28106,28275,28396,28523,28631,28719,28822,28976,29091,29207,29362,29477,29594,29700,29816,29946,30062,30177,30302,30394,30469,30604,30717,30855,30956,31031,31107,31232,31359,31477,31576,31686,31799,31900,32013,32148,32260,32391,32492,32592,32680,32780,32893,33017,33109,33221,33320,33463,33575,33713,33825,33954,34042,34129,34291,34393,34507,34639,34767,34867,34955,35067,35166,35264,35396,35496,35633,35746,35858,35946,36046,36146,36247,36348,36448,36555,36655,36767,36916,37015,37116,37203,37303,37425,37537,37686,37811,37937,38037,38174,38286,38387,38479,38653,38740,38852,38977,39093,39182,39297,39427,39543,39671
0,128,240,357,464,609,720,832,933,1045,1152,1264,1398,1520,1638,1750,1861,1973,2086,2229,2358,2470,2581,2688,2774,2896,3014,3110,3222,3382,3493,3600,3686,3776,3877,3984,4102,4208,4310,4406,4512,4645,4768,4902,5008,5120,5232,5333,5446,5558,5685,5798,5911,6021,6128,6245,6358,6469,6581,6709,6822,6928,7040,7152,7248,7366,7477,7600,7701,7813,7926,8037,8150,8272,8389,8501,8608,8693,8800,8896,9030,9152,9281,9408,9504,9616,9717,9829,9941,10049,10192,10304,10405,10517,10629,10736,10869,10992,11104,11206,11312,11413,11520,11632,11728,11861,11973,12085,12176,12309,12417,12549,12673,12773,12885,12992,13088,13200,13312,13440,13552,13653,13760,13845,13958,14080,14200,14320,14448,14544,14645,14752,14848,14960,15088,15200,15313,15408,15519,15616,15728,15830,15942,16053,16176,16261,16374,16480,16597,16688,16821,16933,17040,17152,17305,17440,17557,17701,17813,17920,18032,18144,18288,18423,18551,18672,18785,18896,19008,19126,19239,19352,19463,19574,19687,19808,19927,20049,20177,20289,20407,20529,20647,20769,20881,21009,21120,21238,21398,21527,21639,21760,21888,22001,22135,22256,22358,22487,22608,22742,22854,22976,23095,23207,23351,23463,23601,23728,23824,23959,24087,24199,24336,24455,24592,24694,24817,24928,25056,25191,25328,25424,25552,25664,25799,25920,26048,26160,26294,26416,26534,26647,26768,26880,26992,27120,27224,27347,27489,27617,27728,27840,27974,28087,28209,28336,28464,28593,28711,28822,28928,29047,29168,29302,29431,29552,29687,29798,29895,30049,30182,30310,30422,30529,30640,30758,30886,30998,31120,31233,31344,31477,31584,31686,31808,31920,32048,32166,32272,32401,32528,32662,32790,32912,33024,33158,33296,33430,33542,33670,33792,33904,34032,34144,34290,34422,34550,34672,34840,34966,35089,35223,35328,35463,35584,35728,35846,35959,36080,36215,36342,36465,36576,36710,36839,36960,37088,37230,37328,37440,37590,37729,38063,38198,38327,38447,38720,38914,39159,39365,39824,,,,,,,,,,,,,,,
0,131,237,344,475,568,737,841,958,1066,1177,1297,1423,1651,1796,1901,2033,2111,2242,2362,2545,2650,2884,3005,3124,3216,3319,3478,3598,3717,3836,3951,4056,4197,4359,4564,4647,4789,4899,4997,5092,5239,5367,5471,5598,5740,5833,5977,6090,6215,6321,6398,6547,6714,6840,6918,7050,7151,7293,7396,7523,7638,7754,7896,7991,8120,8236,8340,8417,8481,8662,8802,8918,9047,9163,9293,9396,9539,9656,9783,9910,10013,10154,10270,10343,10508,10622,10764,10853,10956,11059,11201,11318,11383,11498,11628,11732,11887,11989,12106,12223,12327,12496,12601,12717,12847,12963,13079,13208,13350,13453,13570,13699,13788,13913,14036,14165,14271,14380,14473,14550,14627,14687,14793,14934,15027,15118,15219,15357,15451,15584,15719,15834,15927,16058,16179,16298,16351,16417,16509,16601,16716,16826,16967,17077,17203,17317,17425,17535,17646,17782,17873,18013,18151,18275,18379,18453,18655,18764,18908,19036,19160,19259,19371,19494,19595,19703,19843,19931,20045,20198,20322,20449,20551,20655,20770,20873,20976,21077,21224,21344,21467,21605,21708,21889,21991,22118,22258,22324,22426,22579,22706,22796,22936,23052,23167,23309,23411,23540,23642,23774,23864,24018,24146,24255,24363,24467,24570,24672,24798,24952,25067,25170,25353,25473,25578,25630,25696,25775,25855,25961,26080,26212,26347,26480,26572,26690,26810,26928,27019,27139,27246,27390,27494,27625,27754,27884,27988,28144,28248,28353,28470,28561,28677,28808,28925,29044,29161,29282,29441,29625,29787,29947,30040,30154,30277,30369,30517,30624,30701,30860,31008,31135,31250,31379,31519,31633,31761,31888,31978,32132,32235,32398,32500,32589,32730,32833,32961,33077,33215,33343,33565,33694,33807,33935,34048,34187,34277,34377,34528,34615,34755,34869,34961,35087,35201,35302,35430,35520,35636,35763,35878,35994,36126,36257,36363,36496,36618,36746,36870,36990,37128,37285,37374,37524,37652,37782,37886,38003,38120,38251,38381,38491,38624,38728,38819,38924,39054,39174,39294,39361,39455,39536,39644,39762,,,,,,,,,,,
0,112,224,368,515,624,720,820,944,1075,1216,1344,1440,1552,1668,1779,1904,2048,2163,2276,2384,2480,2592,2723,2864,2996,3104,3200,3300,3412,3536,3664,3796,3908,4016,4112,4224,4340,4484,4624,4737,4848,4948,5057,5172,5296,5428,5556,5664,5760,5872,6004,6132,6276,6388,6500,6624,6740,6865,6996,7124,7249,7348,7457,7553,7697,7825,7969,8084,8196,8308,8433,8580,8725,8849,8961,9089,9201,9313,9444,9585,9717,9828,9937,10052,10181,10324,10449,10564,10673,10785,10901,11026,11157,11285,11409,11521,11633,11749,11873,12018,12129,12229,12341,12449,12561,12674,12818,12965,13074,13169,13269,13378,13474,13605,13733,13845,13970,14069,14162,14293,14405,14517,14645,14754,14850,14949,15074,15205,15346,15474,15586,15682,15794,15906,16021,16165,16278,16390,16498,16598,16710,16834,16981,17106,17234,17330,17442,17574,17682,17826,17958,18070,18178,18290,18402,18534,18674,18806,18918,19031,19142,19254,19363,19507,19635,19747,19846,19955,20070,20195,20342,20467,20595,20691,20790,20902,21027,21155,21286,21399,21526,21639,21747,21875,22022,22147,22259,22359,22467,22563,22707,22835,22967,23079,23191,23315,23431,23575,23703,23827,23927,24035,24151,24275,24423,24567,24679,24803,24916,25031,25156,25287,25415,25524,25620,25732,25863,25991,26135,26247,26359,26487,26596,26711,26836,26964,27095,27204,27300,27396,27508,27623,27764,27896,28008,28116,28212,28324,28440,28584,28708,28820,28936,29044,29156,29284,29432,29556,29684,29780,29880,29992,30117,30245,30376,30488,30597,30692,30804,30933,31077,31208,31336,31445,31557,31653,31784,31912,32037,32165,32261,32373,32485,32597,32725,32869,32984,33096,33205,33301,33413,33544,33685,33797,33909,34009,34117,34213,34344,34485,34617,34729,34837,34933,35045,35193,35337,35445,35557,35657,35769,35893,36037,36153,36278,36390,36489,36614,36745,36886,37017,37126,37241,37337,37449,37574,37718,37834,37945,38057,38166,38281,38406,38553,38678,38806,38902,39018,39129,39254,39398,,,,,,,,,,,,,,
0,112,244,388,529,657,752,884,992,1136,1268,1408,1536,1632,1764,1872,2016,2148,2260,2368,2480,2592,2724,2865,2996,3108,3216,3332,3456,3572,3716,3844,3956,4064,4160,4272,4372,4516,4656,4788,4896,4992,5092,5203,5316,5444,5588,5700,5812,5920,6020,6144,6276,6404,6528,6640,6752,6852,6976,7105,7236,7360,7472,7572,7684,7796,7904,8048,8180,8292,8400,8500,8608,8724,8868,8996,9120,9220,9329,9424,9556,9684,9828,9940,10048,10144,10256,10368,10496,10640,10756,10852,10960,11072,11216,11348,11488,11600,11700,11812,11936,12064,12196,12308,12416,12512,12624,12736,12864,13008,13136,13268,13376,13472,13604,13732,13876,14000,14116,14240,14352,14484,14624,14768,14900,15012,15120,15232,15364,15504,15648,15760,15872,16000,16112,16256,16388,16516,16628,16736,16852,16976,17091,17236,17360,17460,17588,17700,17824,17972,18116,18240,18356,18464,18564,18672,18816,18948,19076,19200,19312,19443,19572,19716,19828,19940,20048,20144,20256,20352,20483,20628,20740,20848,20960,21060,21172,21316,21443,21568,21680,21780,21872,21972,22083,22208,22336,22448,22560,22660,22768,22864,22976,23108,23248,23376,23488,23584,23696,23808,23924,24068,24179,24292,24400,24500,24608,24723,24868,24996,25120,25220,25328,25424,25556,25684,25796,25908,26016,26112,26212,26324,26448,26595,26720,26832,26932,27044,27156,27284,27428,27540,27652,27760,27860,27971,28115,28244,28356,28480,28580,28704,28835,28964,29088,29200,29312,29424,29536,29652,29796,29923,30048,30176,30272,30404,30532,30676,30788,30900,31011,31107,31220,31344,31488,31616,31728,31856,31952,32083,32212,32356,32468,32596,32720,32832,32964,33092,33216,33344,33456,33552,33664,33776,33904,34048,34164,34276,34388,34496,34612,34736,34868,34996,35108,35216,35312,35424,35556,35683,35808,35920,36032,36128,36224,36336,36448,36563,36708,36820,36932,37040,37140,37252,37376,37523,37648,37748,37856,37952,38051,38176,38324,38448,38576,38660,38768,38864,38996,39123,39268,39380,,,,,,,,,,,,,,
0,112,212,324,435,560,707,832,944,1043,1155,1267,1395,1539,1667,1779,1892,1999,2096,2227,2368,2499,2611,2720,2816,2928,3043,3187,3328,3440,3539,3648,3744,3856,4000,4131,4259,4368,4464,4563,4688,4820,4960,5088,5184,5284,5395,5507,5635,5779,5891,6004,6111,6211,6323,6448,6595,6720,6831,6931,7040,7136,7280,7427,7552,7663,7763,7875,7987,8096,8240,8371,8500,8608,8704,8803,8927,9059,9187,9312,9412,9520,9615,9747,9888,10032,10144,10259,10371,10480,10595,10720,10851,10979,11088,11184,11283,11408,11539,11680,11807,11892,11984,12095,12208,12323,12467,12580,12691,12803,12915,13043,13187,13315,13439,13551,13651,13760,13856,14000,14127,14259,14371,14479,14575,14688,14803,14928,15072,15187,15299,15407,15503,15616,15747,15888,15999,16111,16211,16320,16435,16560,16688,16819,16931,17040,17136,17247,17363,17507,17620,17731,17840,17936,18067,18175,18320,18451,18579,18688,18784,18883,19008,19139,19267,19391,19491,19600,19695,19827,19955,20099,20211,20324,20435,20532,20675,20800,20931,21059,21168,21264,21363,21475,21619,21760,21888,21983,22115,22211,22323,22447,22592,22707,22832,22932,23040,23136,23280,23427,23551,23663,23775,23887,24003,24127,24271,24387,24499,24607,24719,24815,24947,25087,25219,25331,25440,25555,25667,25776,25919,26047,26160,26259,26367,26463,26575,26719,26851,26979,27087,27183,27283,27407,27540,27680,27807,27903,28003,28115,28227,28355,28499,28611,28724,28847,28944,29075,29200,29347,29471,29583,29683,29795,29907,30035,30179,30291,30403,30515,30611,30723,30847,30995,31120,31231,31331,31439,31555,31679,31827,31951,32063,32175,32287,32399,32515,32659,32787,32899,33007,33104,33216,33347,33488,33599,33727,33824,33923,34035,34159,34287,34431,34543,34643,34755,34851,34963,35107,35247,35359,35471,35571,35680,35795,35920,36067,36179,36287,36383,36483,36607,36739,36879,36991,37103,37219,37327,37443,37567,37715,37839,37952,38063,38175,38288,38420,38559,38671,38803,38911,39012,39135,39267,39407,,,,,,,,,,,
0,112,212,324,436,544,688,820,932,1056,1168,1264,1376,1524,1648,1776,1872,1968,2052,2176,2308,2435,2560,2660,2768,2864,2964,3075,3216,3348,3472,3572,3684,3796,3892,4036,4160,4272,4388,4500,4612,4736,4880,4996,5140,5248,5344,5444,5568,5696,5828,5952,6068,6180,6288,6384,6496,6628,6768,6900,7008,7104,7204,7316,7440,7556,7668,7780,7888,7984,8116,8256,8400,8532,8644,8768,8864,8964,9108,9220,9332,9460,9568,9664,9796,9936,10068,10180,10288,10384,10496,10612,10756,10880,10992,11092,11204,11300,11412,11556,11696,11808,11920,12032,12132,12256,12388,12516,12640,12740,12852,12964,13076,13204,13348,13476,13600,13700,13808,13924,14048,14196,14320,14432,14532,14644,14768,14896,15040,15156,15268,15376,15472,15584,15715,15856,15988,16100,16208,16304,16435,16564,16708,16835,16948,17060,17172,17296,17428,17568,17696,17808,17904,18019,18128,18256,18400,18515,18640,18740,18848,18944,19075,19216,19348,19472,19572,19664,19776,19888,20016,20160,20272,20372,20484,20576,20688,20800,20915,21040,21168,21280,21380,21488,21616,21760,21876,22000,22112,22212,22336,22468,22608,22740,22848,22944,23044,23136,23248,23376,23520,23648,23748,23860,23968,24080,24208,24340,24452,24580,24672,24772,24880,24996,25136,25268,25392,25504,25604,25716,25828,25936,26080,26208,26320,26416,26516,26624,26756,26880,26992,27092,27216,27328,27444,27588,27715,27840,27940,28048,28144,28275,28404,28528,28659,28768,28864,28976,29092,29236,29376,29488,29588,29696,29792,29904,30035,30180,30307,30420,30528,30624,30756,30884,31028,31139,31248,31344,31456,31568,31683,31828,31940,32069,32180,32288,32404,32528,32676,32800,32912,33012,33124,33236,33344,33476,33600,33728,33828,33936,34035,34144,34275,34419,34548,34660,34772,34884,35008,35136,35268,35380,35488,35584,35696,35812,35936,36080,36208,36339,36432,36532,36644,36755,36880,37027,37152,37264,37376,37488,37600,37715,37840,37972,38100,38208,38304,38403,38528,38675,38800,38912,39011,39120,39216,39348,39475,,,,,,,,,
0,144,272,384,496,596,708,832,960,1076,1184,1284,1393,1504,1620,1760,1892,2016,2128,2228,2340,2452,2560,2692,2832,2944,3044,3152,3248,3360,3504,3636,3760,3856,3956,4064,4180,4304,4452,4576,4676,4784,4900,5012,5152,5296,5412,5536,5636,5744,5860,5984,6132,6256,6356,6464,6560,6672,6804,6944,7072,7184,7280,7392,7504,7620,7764,7892,8004,8116,8228,8340,8484,8624,8752,8864,8964,9072,9184,9300,9444,9572,9685,9792,9888,10000,10132,10272,10404,10516,10624,10720,10832,10949,11092,11232,11344,11428,11540,11636,11748,11892,12032,12144,12256,12356,12464,12580,12704,12852,12976,13076,13184,13280,13411,13540,13684,13796,13908,14016,14115,14227,14352,14499,14624,14736,14836,14944,15040,15172,15300,15424,15552,15648,15748,15860,15984,16112,16256,16368,16484,16596,16704,16820,16944,17076,17204,17312,17408,17508,17632,17764,17904,18016,18116,18224,18320,18432,18548,18672,18804,18916,19024,19120,19232,19348,19492,19632,19744,19844,19952,20048,20160,20292,20432,20544,20656,20756,20864,20980,21104,21252,21376,21488,21600,21712,21824,21940,22084,22192,22304,22404,22516,22628,22752,22899,23025,23136,23236,23344,23460,23584,23712,23844,23955,24068,24179,24292,24400,24544,24675,24803,24912,25024,25120,25252,25379,25504,25616,25715,25824,25939,26064,26192,26336,26452,26563,26672,26768,26880,27012,27152,27264,27364,27472,27568,27668,27792,27940,28064,28192,28288,28388,28499,28624,28752,28884,28996,29108,29220,29315,29427,29572,29712,29824,29936,30035,30144,30259,30384,30516,30644,30752,30848,30948,31059,31184,31332,31456,31568,31668,31779,31891,32000,32144,32272,32384,32484,32592,32688,32800,32944,33076,33204,33312,33408,33508,33632,33764,33904,34032,34128,34228,34339,34451,34580,34724,34836,34948,35059,35156,35268,35392,35539,35664,35776,35872,35968,36067,36212,36324,36451,36576,36675,36784,36880,37011,37139,37283,37396,37504,37619,37728,37859,38004,38132,38256,38356,38464,38560,38692,38819,38964,39076,39184,39280,39392,39508,,,,,,,,
0,112,208,320,445,589,688,800,909,1008,1120,1245,1392,1517,1629,1728,1837,1933,2064,2192,2317,2429,2528,2653,2765,2912,3037,3165,3261,3360,3472,3581,3725,3872,3997,4125,4221,4320,4445,4592,4736,4864,4989,5101,5232,5344,5453,5597,5725,5837,5936,6048,6173,6304,6445,6576,6688,6797,6893,7005,7120,7264,7389,7501,7616,7725,7837,7952,8096,8224,8349,8448,8573,8685,8800,8944,9069,9181,9280,9392,9504,9613,9757,9888,10016,10125,10221,10320,10445,10576,10704,10829,10928,11040,11152,11277,11405,11549,11665,11776,11885,11981,12093,12224,12365,12477,12589,12688,12797,12893,13024,13165,13296,13421,13533,13648,13760,13885,14028,14144,14256,14365,14461,14560,14685,14832,14957,15085,15197,15293,15405,15520,15664,15789,15901,16001,16112,16208,16320,16464,16605,16717,16829,16928,17037,17152,17277,17408,17536,17645,17744,17840,17952,18077,18224,18349,18461,18573,18685,18797,18912,19057,19184,19296,19405,19501,19600,19725,19872,19997,20124,20240,20352,20481,20624,20764,20893,20989,21101,21200,21324,21472,21616,21728,21856,21965,22060,22173,22304,22444,22576,22684,22780,22880,22992,23117,23264,23388,23501,23600,23725,23837,23952,24096,24224,24336,24444,24557,24653,24784,24925,25056,25168,25277,25373,25485,25601,25744,25885,25997,26097,26205,26300,26412,26557,26688,26816,26925,27020,27120,27245,27376,27517,27644,27740,27840,27952,28064,28192,28336,28448,28560,28668,28768,28880,29004,29152,29276,29388,29488,29597,29692,29824,29952,30076,30205,30300,30400,30512,30636,30764,30909,31036,31136,31244,31340,31452,31584,31724,31836,31948,32048,32156,32272,32397,32545,32668,32769,32876,32973,33085,33200,33344,33468,33581,33696,33805,33917,34032,34176,34304,34416,34525,34620,34732,34877,35004,35136,35248,35357,35472,35584,35724,35872,35996,36124,36240,36364,36477,36592,36717,36844,36956,37056,37168,37280,37404,37552,37677,37805,37900,38000,38112,38236,38364,38496,38608,38720,38832,38956,39072,39216,39344,39468,,,,,,,,,,,,
0,116,240,387,512,624,736,867,976,1120,1267,1411,1523,1635,1747,1856,2000,2128,2240,2339,2448,2544,2656,2800,2932,3072,3171,3280,3364,3475,3600,3731,3860,3968,4064,4163,4275,4400,4547,4672,4784,4883,4995,5108,5235,5380,5492,5603,5712,5812,5920,6035,6179,6307,6432,6531,6640,6736,6867,6995,7120,7248,7344,7444,7556,7667,7795,7939,8051,8163,8275,8372,8484,8608,8755,8880,8992,9092,9200,9296,9427,9568,9699,9811,9920,10016,10128,10244,10387,10528,10640,10752,10851,10960,11076,11219,11348,11472,11584,11683,11795,11920,12048,12192,12304,12403,12516,12611,12723,12867,13008,13120,13248,13344,13456,13587,13715,13859,13972,14080,14176,14288,14400,14528,14672,14787,14912,15024,15156,15280,15408,15552,15680,15779,15904,16004,16128,16275,16400,16528,16624,16723,16848,16964,17107,17248,17360,17472,17584,17683,17796,17939,18068,18192,18291,18400,18515,18640,18768,18912,19044,19168,19264,19363,19475,19619,19747,19872,19984,20083,20195,20320,20435,20579,20691,20800,20915,21024,21136,21248,21392,21507,21620,21728,21824,21936,22068,22208,22339,22448,22544,22643,22755,22880,23008,23139,23251,23360,23456,23568,23684,23827,23968,24080,24179,24288,24384,24496,24627,24768,24880,24992,25092,25200,25316,25440,25588,25728,25840,25936,26048,26160,26275,26419,26531,26643,26752,26851,26963,27088,27235,27360,27488,27584,27683,27795,27920,28048,28179,28291,28400,28496,28608,28723,28867,29008,29139,29251,29360,29475,29600,29728,29859,29984,30099,30208,30320,30436,30579,30707,30832,30931,31040,31136,31267,31395,31520,31651,31763,31891,32003,32128,32275,32400,32531,32640,32736,32867,32976,33120,33248,33363,33472,33571,33680,33795,33939,34067,34192,34292,34400,34516,34640,34768,34912,35024,35123,35235,35332,35444,35587,35728,35859,35971,36083,36176,36275,36387,36528,36640,36771,36883,36991,37088,37219,37347,37488,37600,37712,37811,37920,38016,38128,38259,38384,38483,38595,38704,38816,38947,39088,39200,39312,39424,39536,,,,,,,,,,,
0,125,253,397,509,609,721,829,941,1085,1232,1377,1489,1616,1729,1841,1984,2125,2256,2365,2461,2573,2685,2832,2957,3085,3185,3297,3405,3517,3645,3773,3888,3997,4097,4205,4301,4432,4557,4704,4829,4941,5041,5152,5264,5392,5536,5649,5761,5869,5969,6077,6192,6336,6464,6576,6685,6781,6893,7024,7152,7277,7405,7501,7601,7712,7824,7952,8096,8209,8321,8432,8528,8641,8765,8909,9024,9137,9229,9328,9437,9553,9696,9825,9949,10049,10157,10253,10384,10512,10637,10765,10861,10957,11053,11165,11297,11437,11565,11677,11773,11885,12000,12125,12273,12397,12509,12621,12720,12832,12957,13104,13229,13341,13440,13552,13664,13773,13917,14049,14160,14269,14369,14477,14593,14736,14865,14989,15089,15213,15325,15473,15597,15725,15840,15965,16081,16205,16333,16445,16557,16685,16781,16880,17005,17152,17277,17405,17521,17616,17728,17840,17984,18097,18209,18333,18429,18541,18653,18784,18925,19053,19149,19248,19361,19485,19600,19725,19857,19965,20061,20189,20288,20401,20544,20672,20784,20880,20989,21089,21197,21325,21457,21569,21693,21789,21901,22000,22125,22257,22385,22493,22589,22689,22797,22893,23024,23165,23296,23409,23501,23601,23712,23837,23965,24109,24221,24320,24432,24528,24641,24765,24909,25024,25137,25245,25341,25453,25584,25725,25837,25949,26048,26157,26253,26384,26512,26637,26749,26849,26957,27053,27184,27325,27469,27581,27677,27773,27885,27997,28112,28256,28368,28480,28589,28688,28800,28925,29072,29197,29325,29421,29552,29664,29792,29936,30048,30160,30269,30368,30481,30605,30752,30877,31005,31101,31232,31357,31472,31617,31728,31840,31949,32049,32160,32285,32432,32557,32669,32769,32893,33005,33152,33277,33389,33501,33629,33728,33840,33984,34096,34208,34336,34449,34573,34704,34832,34957,35057,35165,35261,35360,35472,35584,35712,35837,35965,36080,36192,36288,36400,36525,36669,36784,36893,36989,37088,37197,37312,37456,37585,37709,37821,37933,38045,38160,38304,38429,38529,38640,38769,38877,38992,39136,39264,39389,39488,39597,,,,,,,,
0,124,272,397,509,608,717,813,944,1072,1197,1325,1440,1552,1664,1772,1917,2048,2160,2268,2381,2512,2653,2784,2893,3005,3100,3196,3312,3453,3584,3709,3808,3920,4044,4157,4285,4416,4544,4656,4764,4861,4960,5104,5232,5357,5468,5580,5680,5792,5916,6032,6157,6268,6380,6480,6592,6704,6813,6957,7088,7216,7328,7437,7533,7664,7804,7917,8028,8128,8237,8333,8464,8592,8736,8848,8960,9085,9180,9293,9424,9564,9677,9788,9888,9997,10112,10237,10384,10508,10620,10720,10832,10944,11072,11216,11328,11440,11548,11648,11757,11872,12016,12144,12257,12365,12460,12560,12704,12845,12956,13069,13180,13292,13405,13533,13677,13808,13936,14048,14172,14304,14444,14589,14704,14816,14924,15037,15152,15296,15437,15564,15680,15804,15917,16032,16176,16304,16428,16540,16640,16752,16877,17004,17148,17264,17376,17484,17580,17692,17824,17964,18096,18204,18317,18412,18544,18672,18816,18928,19040,19152,19260,19404,19536,19676,19788,19888,20000,20112,20224,20336,20464,20576,20685,20780,20880,20992,21120,21244,21372,21485,21568,21680,21792,21904,22032,22156,22284,22397,22496,22604,22720,22864,23005,23136,23244,23341,23472,23596,23725,23853,23948,24060,24176,24288,24432,24557,24704,24816,24924,25040,25164,25276,25404,25548,25664,25776,25884,25980,26092,26224,26364,26496,26604,26720,26832,26944,27084,27228,27344,27468,27580,27712,27853,27996,28124,28237,28348,28448,28560,28704,28844,28976,29088,29196,29312,29436,29564,29712,29836,29948,30060,30192,30320,30444,30588,30704,30816,30924,31040,31164,31296,31437,31565,31660,31760,31872,31984,32092,32236,32364,32476,32576,32684,32796,32912,33056,33184,33296,33405,33500,33600,33725,33872,33997,34124,34220,34320,34432,34556,34684,34828,34944,35068,35180,35292,35436,35564,35696,35808,35916,36000,36124,36240,36384,36524,36636,36736,36844,36940,37072,37216,37344,37468,37568,37676,37772,37904,38016,38156,38268,38396,38492,38604,38716,38832,38956,39068,39180,39296,39404,39516,,,,,,,,,,,,,
0,99,208,304,435,544,688,816,928,1027,1136,1248,1363,1508,1648,1760,1859,1968,2064,2195,2323,2448,2576,2672,2772,2883,3008,3136,3280,3395,3520,3619,3728,3843,3968,4099,4228,4336,4432,4544,4675,4803,4947,5059,5171,5296,5392,5523,5667,5795,5920,6019,6132,6243,6372,6515,6656,6768,6880,6979,7088,7203,7328,7459,7587,7696,7792,7892,8016,8147,8288,8416,8528,8624,8736,8864,8995,9136,9248,9360,9459,9568,9664,9795,9936,10067,10179,10272,10384,10515,10624,10768,10896,11008,11107,11216,11312,11424,11568,11700,11827,11936,12032,12131,12256,12387,12515,12640,12740,12848,12944,13056,13187,13328,13456,13568,13664,13779,13891,14016,14160,14275,14387,14496,14592,14691,14816,14964,15088,15219,15331,15456,15568,15683,15827,15955,16067,16176,16272,16371,16496,16643,16768,16899,17008,17104,17216,17331,17475,17616,17728,17827,17939,18048,18163,18307,18435,18560,18659,18768,18864,18995,19123,19267,19379,19488,19584,19696,19824,19968,20099,20228,20339,20448,20563,20691,20835,20976,21088,21187,21299,21408,21523,21668,21796,21920,22032,22163,22291,22435,22576,22708,22816,22928,23024,23155,23296,23440,23555,23667,23776,23872,24003,24128,24275,24400,24500,24608,24704,24816,24947,25088,25216,25328,25427,25536,25648,25763,25907,26035,26147,26256,26352,26464,26595,26736,26867,26979,27088,27184,27296,27411,27555,27696,27808,27908,28016,28112,28243,28368,28499,28627,28736,28832,28931,29056,29187,29328,29459,29568,29664,29779,29891,30016,30160,30307,30419,30528,30643,30768,30896,31040,31152,31267,31392,31504,31635,31763,31888,32016,32112,32211,32323,32448,32576,32720,32832,32931,33043,33139,33251,33376,33520,33635,33747,33856,33952,34064,34195,34336,34467,34579,34688,34784,34896,35011,35155,35280,35392,35491,35603,35728,35843,35987,36115,36240,36339,36451,36563,36691,36835,36960,37072,37171,37283,37396,37536,37683,37808,37936,38032,38144,38255,38371,38515,38639,38752,38867,38975,39091,39235,39376,39507,39619,,,,,,,,,,,,
0,144,271,396,495,604,688,812,924,1052,1183,1308,1407,1519,1612,1724,1852,1996,2124,2220,2332,2444,2560,2703,2831,2944,3052,3148,3248,3372,3519,3644,3772,3868,3967,4079,4204,4332,4476,4588,4716,4816,4924,5039,5184,5324,5468,5567,5679,5791,5900,6044,6175,6288,6396,6496,6607,6732,6879,7004,7132,7244,7340,7471,7580,7724,7855,7968,8092,8188,8300,8431,8572,8704,8815,8928,9052,9164,9280,9424,9552,9663,9788,9888,10000,10124,10271,10396,10528,10636,10748,10860,10991,11132,11276,11404,11520,11628,11740,11852,11996,12143,12256,12364,12460,12591,12720,12864,12975,13084,13199,13308,13420,13532,13676,13791,13903,14012,14108,14220,14352,14492,14623,14732,14828,14927,15039,15151,15264,15375,15503,15615,15724,15820,15919,16031,16156,16271,16396,16508,16608,16719,16831,16956,17084,17215,17327,17439,17551,17647,17759,17884,18012,18128,18239,18348,18447,18559,18684,18831,18956,19084,19180,19312,19439,19583,19711,19823,19932,20028,20140,20271,20412,20524,20636,20735,20844,20960,21084,21231,21356,21468,21567,21679,21791,21900,22044,22172,22284,22383,22492,22604,22719,22864,22991,23132,23244,23340,23452,23567,23711,23836,23964,24063,24188,24300,24431,24572,24716,24848,24972,25084,25199,25324,25455,25583,25695,25807,25935,26047,26191,26335,26476,26588,26700,26831,26940,27084,27212,27324,27436,27535,27644,27756,27884,28015,28143,28268,28380,28492,28607,28751,28892,29004,29103,29215,29324,29439,29583,29724,29852,29948,30047,30159,30271,30383,30524,30655,30767,30879,30972,31071,31196,31311,31436,31564,31660,31759,31871,31967,32079,32204,32348,32463,32575,32684,32796,32924,33056,33183,33292,33404,33500,33612,33724,33839,33964,34076,34204,34300,34399,34524,34639,34783,34924,35036,35148,35247,35356,35471,35596,35727,35855,35964,36048,36172,36319,36444,36588,36688,36812,36924,37039,37184,37324,37452,37548,37648,37759,37884,38031,38156,38268,38383,38495,38607,38732,38879,39004,39116,39228,39340,39452,,,,,,,,,,,,,
0,147,272,384,483,592,688,820,960,1091,1204,1315,1427,1539,1648,1792,1923,2035,2144,2243,2352,2467,2611,2752,2880,2976,3075,3187,3312,3440,3583,3696,3795,3907,4016,4128,4272,4403,4532,4640,4736,4835,4959,5091,5232,5360,5472,5568,5680,5792,5907,6051,6163,6275,6384,6496,6607,6739,6880,7011,7119,7215,7315,7427,7552,7679,7811,7923,8035,8147,8259,8368,8512,8643,8755,8880,8975,9075,9200,9331,9459,9584,9683,9808,9920,10035,10179,10319,10432,10543,10643,10768,10899,11039,11171,11283,11395,11519,11648,11791,11939,12064,12175,12275,12387,12499,12608,12752,12880,12992,13091,13199,13312,13427,13571,13699,13823,13923,14035,14159,14288,14432,14559,14675,14783,14883,14995,15120,15267,15391,15519,15631,15728,15840,15955,16099,16223,16335,16451,16559,16656,16768,16912,17043,17171,17280,17375,17475,17599,17731,17859,17983,18083,18192,18287,18400,18531,18672,18800,18912,19008,19120,19231,19347,19491,19603,19716,19824,19923,20032,20147,20291,20419,20543,20656,20755,20867,20992,21120,21251,21375,21475,21587,21683,21795,21939,22079,22211,22319,22415,22515,22639,22771,22911,23040,23152,23247,23360,23471,23599,23743,23859,23971,24079,24175,24307,24431,24579,24703,24803,24912,25007,25119,25267,25411,25523,25651,25759,25855,25968,26099,26239,26371,26483,26595,26707,26819,26947,27091,27203,27331,27439,27555,27699,27839,27983,28095,28196,28307,28403,28547,28691,28819,28943,29043,29155,29279,29427,29571,29699,29811,29919,30015,30115,30239,30387,30511,30639,30751,30847,30959,31075,31219,31360,31471,31571,31679,31776,31887,32032,32163,32291,32400,32495,32595,32719,32851,32991,33120,33215,33315,33427,33539,33667,33811,33923,34035,34143,34243,34355,34479,34627,34751,34863,34975,35075,35187,35311,35439,35571,35683,35792,35887,36000,36115,36259,36399,36511,36611,36719,36815,36927,37059,37199,37311,37423,37523,37631,37746,37871,38019,38143,38243,38355,38467,38579,38688,38831,38963,39075,39183,39283,39395,39519,,,,,,,,,,,,
0,141,272,384,493,589,720,829,960,1085,1216,1325,1437,1549,1661,1792,1920,2032,2144,2237,2337,2461,2593,2720,2845,2945,3053,3149,3280,3408,3552,3665,3773,3869,3981,4093,4208,4352,4465,4576,4685,4785,4897,5021,5168,5293,5405,5505,5613,5709,5840,5968,6093,6221,6317,6416,6528,6653,6781,6925,7040,7152,7264,7373,7488,7613,7744,7872,7981,8077,8176,8301,8432,8573,8720,8845,8945,9053,9169,9293,9440,9581,9677,9776,9889,10013,10141,10285,10413,10525,10625,10733,10849,10973,11105,11245,11373,11488,11613,11728,11872,12013,12145,12256,12384,12496,12621,12765,12893,13025,13136,13264,13376,13520,13661,13792,13904,14013,14109,14240,14368,14493,14621,14717,14816,14944,15056,15200,15341,15453,15581,15677,15776,15901,16013,16145,16272,16384,16493,16589,16701,16813,16960,17085,17197,17309,17408,17520,17616,17728,17872,18013,18112,18209,18317,18416,18528,18653,18784,18896,19008,19117,19216,19341,19472,19584,19696,19805,19904,20013,20128,20272,20413,20541,20637,20737,20848,20973,21101,21245,21357,21456,21568,21665,21776,21920,22061,22173,22285,22397,22496,22621,22752,22893,23021,23117,23216,23328,23440,23569,23712,23824,23936,24045,24144,24256,24381,24528,24653,24781,24877,24976,25089,25213,25360,25485,25597,25696,25808,25920,26029,26173,26304,26433,26557,26657,26768,26893,27040,27165,27277,27376,27488,27600,27709,27853,27984,28096,28205,28333,28448,28573,28720,28845,28976,29104,29213,29328,29453,29600,29725,29824,29933,30029,30128,30240,30369,30493,30621,30733,30848,30973,31088,31232,31360,31472,31584,31696,31808,31933,32061,32192,32317,32432,32541,32640,32749,32880,33021,33136,33232,33341,33437,33549,33680,33824,33952,34064,34173,34269,34381,34493,34640,34765,34893,35005,35120,35216,35325,35440,35584,35712,35824,35933,36029,36160,36285,36413,36541,36637,36736,36845,36960,37072,37200,37344,37456,37568,37680,37789,37933,38080,38205,38304,38413,38509,38640,38768,38893,39037,39136,39261,39373,39488,,,,,,,,,,,,
0,144,272,397,497,605,701,832,960,1104,1216,1325,1421,1533,1648,1773,1917,2032,2157,2256,2365,2480,2605,2753,2877,2976,3085,3181,3293,3408,3552,3677,3789,3904,4013,4125,4253,4400,4525,4653,4749,4848,4973,5101,5245,5373,5488,5584,5693,5805,5920,6064,6192,6317,6416,6541,6672,6800,6944,7056,7184,7296,7421,7552,7693,7837,7952,8064,8177,8285,8400,8525,8656,8784,8893,8989,9088,9213,9344,9485,9613,9725,9821,9933,10045,10160,10304,10416,10545,10653,10749,10861,10992,11133,11264,11376,11485,11581,11693,11821,11965,12093,12205,12289,12381,12497,12608,12752,12877,12992,13105,13216,13328,13453,13584,13712,13837,13936,14045,14141,14253,14381,14512,14637,14749,14845,14941,15053,15168,15312,15437,15549,15648,15760,15856,15968,16112,16253,16365,16477,16576,16685,16800,16925,17056,17184,17293,17389,17488,17600,17725,17872,17984,18096,18205,18301,18413,18528,18672,18813,18928,19053,19149,19261,19405,19533,19664,19776,19885,20000,20128,20272,20384,20512,20624,20733,20829,20928,21053,21200,21325,21453,21549,21661,21773,21901,22045,22176,22304,22416,22528,22653,22800,22944,23056,23168,23293,23408,23552,23693,23837,23949,24048,24160,24256,24381,24525,24656,24784,24893,24989,25088,25213,25344,25485,25613,25709,25808,25933,26048,26192,26333,26445,26557,26656,26765,26880,27005,27152,27277,27376,27485,27581,27693,27824,27965,28093,28205,28304,28413,28525,28640,28784,28912,29024,29133,29229,29341,29472,29613,29744,29856,29965,30061,30173,30289,30432,30572,30685,30784,30893,30991,31120,31264,31392,31504,31613,31709,31808,31933,32061,32192,32304,32413,32509,32608,32733,32848,32992,33117,33229,33328,33440,33552,33680,33824,33952,34064,34176,34285,34381,34512,34640,34765,34893,35005,35101,35232,35341,35485,35613,35725,35825,35949,36061,36192,36320,36445,36573,36669,36768,36893,37020,37165,37296,37424,37533,37629,37728,37872,38013,38144,38256,38384,38496,38608,38752,38880,39005,39132,39216,39341,39472,,,,,,,,,,,,,
0,108,224,348,496,620,720,829,925,1036,1168,1309,1437,1549,1648,1760,1872,1996,2144,2269,2381,2480,2588,2685,2816,2956,3088,3213,3312,3424,3549,3664,3808,3949,4060,4172,4285,4396,4528,4669,4816,4940,5052,5164,5296,5424,5568,5680,5789,5884,6012,6125,6256,6400,6541,6668,6784,6896,7004,7148,7280,7392,7520,7632,7756,7872,8016,8156,8268,8380,8508,8624,8749,8896,9020,9133,9232,9340,9436,9552,9664,9788,9920,10028,10140,10236,10352,10496,10620,10732,10848,10960,11068,11164,11264,11388,11520,11632,11740,11852,11952,12060,12188,12320,12460,12588,12684,12796,12908,13020,13148,13276,13372,13485,13584,13708,13836,13980,14096,14208,14316,14412,14524,14656,14797,14908,15020,15120,15228,15344,15468,15616,15740,15852,15964,16080,16192,16316,16460,16576,16688,16800,16908,17024,17148,17296,17420,17532,17632,17744,17868,17984,18128,18256,18368,18480,18588,18704,18828,18976,19120,19248,19372,19484,19616,19744,19888,20029,20140,20240,20348,20464,20608,20736,20860,20960,21072,21184,21308,21436,21568,21680,21788,21885,21983,22095,22224,22368,22480,22592,22700,22796,22908,23024,23168,23296,23420,23549,23644,23756,23888,24028,24156,24272,24384,24480,24592,24704,24848,24976,25088,25196,25292,25392,25504,25648,25776,25901,26012,26108,26204,26336,26448,26556,26688,26800,26908,27005,27104,27228,27344,27468,27612,27724,27824,27936,28032,28144,28269,28400,28508,28620,28720,28828,28940,29056,29200,29328,29452,29552,29660,29756,29888,30016,30140,30268,30380,30464,30576,30704,30828,30960,31068,31180,31264,31388,31516,31648,31760,31868,31984,32080,32192,32336,32476,32588,32700,32800,32908,33023,33148,33295,33420,33533,33644,33772,33884,34028,34175,34320,34432,34543,34668,34784,34928,35056,35168,35292,35404,35516,35632,35776,35920,36047,36172,36284,36416,36544,36687,36800,36912,37040,37148,37263,37388,37520,37647,37760,37868,37964,38096,38224,38368,38480,38588,38704,38800,38912,39036,39180,39308,39440,,,,,,,,,,,,,,
0,112,240,381,493,589,688,800,896,1008,1152,1276,1392,1504,1613,1709,1821,1952,2093,2205,2316,2416,2525,2620,2752,2864,2992,3117,3216,3325,3421,3552,3680,3804,3932,4028,4128,4240,4352,4480,4624,4736,4848,4960,5056,5168,5292,5436,5552,5676,5776,5885,5981,6112,6253,6384,6496,6605,6701,6812,6928,7072,7212,7328,7453,7565,7660,7792,7933,8064,8176,8301,8413,8525,8640,8784,8912,9036,9136,9248,9360,9485,9632,9756,9869,9968,10080,10192,10300,10445,10576,10688,10812,10908,11009,11132,11280,11405,11532,11629,11728,11840,11965,12092,12236,12348,12464,12576,12688,12812,12960,13084,13213,13308,13408,13520,13645,13772,13916,14028,14128,14240,14348,14480,14624,14752,14876,14988,15085,15200,15328,15472,15612,15725,15824,15933,16028,16160,16284,16416,16525,16636,16748,16848,16972,17104,17244,17373,17468,17568,17680,17792,17920,18064,18176,18288,18396,18496,18608,18732,18880,19004,19116,19216,19324,19420,19552,19680,19792,19916,20016,20124,20220,20352,20480,20624,20736,20844,20941,21052,21165,21280,21424,21536,21648,21772,21868,21980,22112,22252,22384,22496,22608,22732,22860,23004,23136,23244,23356,23456,23565,23680,23804,23952,24076,24188,24288,24400,24512,24620,24764,24876,24988,25104,25216,25340,25472,25612,25744,25856,25968,26080,26192,26332,26476,26592,26704,26812,26925,27040,27164,27312,27436,27548,27648,27772,27888,28012,28156,28272,28384,28492,28588,28700,28832,28972,29104,29216,29325,29420,29532,29648,29792,29916,30028,30144,30256,30368,30492,30640,30764,30892,30988,31100,31212,31328,31472,31596,31708,31808,31932,32044,32160,32304,32432,32556,32656,32768,32880,33008,33152,33276,33388,33488,33599,33696,33808,33952,34076,34192,34304,34412,34524,34640,34764,34892,35004,35116,35216,35328,35440,35564,35712,35836,35948,36048,36159,36272,36380,36524,36656,36768,36876,36976,37084,37200,37324,37456,37584,37692,37788,37919,38048,38192,38332,38444,38544,38656,38780,38912,39052,39184,39296,39404,,,,,,,,,,,,
0,112,224,333,477,605,717,816,928,1072,1216,1357,1485,1597,1693,1805,1917,2032,2176,2288,2400,2509,2608,2717,2832,2976,3104,3229,3328,3437,3533,3680,3824,3949,4061,4176,4288,4413,4557,4704,4829,4941,5040,5165,5293,5437,5568,5696,5805,5901,6000,6112,6237,6384,6509,6621,6721,6832,6944,7072,7216,7328,7440,7549,7648,7773,7904,8045,8176,8288,8397,8493,8605,8720,8864,8989,9101,9216,9325,9440,9565,9712,9837,9965,10060,10160,10272,10397,10525,10669,10781,10880,10992,11088,11200,11344,11485,11597,11709,11809,11917,12032,12157,12304,12429,12525,12620,12720,12832,12957,13104,13229,13360,13472,13568,13680,13804,13952,14076,14188,14288,14397,14492,14624,14764,14896,15008,15117,15213,15324,15440,15584,15725,15837,15936,16045,16140,16252,16397,16528,16656,16764,16861,16960,17104,17232,17376,17488,17596,17712,17808,17932,18064,18205,18316,18429,18528,18640,18784,18912,19056,19168,19280,19392,19500,19645,19792,19917,20044,20140,20253,20364,20493,20637,20768,20880,20988,21088,21197,21312,21456,21585,21709,21808,21920,22032,22160,22304,22445,22560,22685,22780,22893,23024,23152,23277,23404,23500,23600,23712,23840,23984,24125,24237,24336,24444,24540,24672,24797,24928,25056,25164,25260,25360,25485,25616,25757,25885,25980,26080,26192,26304,26413,26557,26684,26797,26896,27005,27117,27232,27376,27505,27628,27728,27837,27932,28064,28192,28316,28445,28540,28641,28765,28880,29024,29164,29276,29388,29488,29597,29712,29836,29969,30096,30205,30300,30400,30525,30656,30797,30925,31036,31132,31244,31356,31472,31616,31728,31856,31965,32060,32172,32304,32444,32588,32716,32832,32956,33072,33197,33328,33456,33564,33660,33760,33872,34016,34157,34285,34396,34492,34604,34717,34844,34988,35104,35216,35324,35437,35552,35677,35824,35948,36060,36173,36288,36432,36576,36704,36828,36940,37052,37164,37276,37404,37548,37664,37776,37888,37996,38124,38256,38384,38524,38620,38764,38876,38992,39136,39264,39388,39500,,,,,,,,,,,,,,
0,124,252,383,524,624,732,844,960,1103,1244,1372,1484,1600,1712,1808,1952,2076,2188,2304,2399,2512,2620,2764,2896,3024,3132,3244,3340,3472,3600,3724,3852,3948,4048,4160,4272,4399,4544,4656,4768,4879,4972,5072,5180,5324,5452,5564,5696,5804,5919,6044,6192,6316,6428,6528,6640,6752,6860,7004,7132,7244,7344,7452,7548,7660,7804,7936,8064,8172,8268,8368,8512,8640,8764,8892,8988,9088,9200,9312,9440,9584,9696,9808,9920,10016,10128,10252,10396,10512,10624,10732,10828,10940,11072,11212,11344,11456,11564,11660,11772,11888,12031,12156,12268,12368,12479,12576,12687,12831,12972,13084,13196,13295,13404,13519,13644,13792,13916,14016,14124,14220,14352,14480,14623,14736,14864,14972,15068,15180,15312,15452,15584,15695,15807,15919,16044,16172,16316,16463,16572,16684,16780,16911,17040,17183,17295,17408,17519,17615,17728,17871,18012,18124,18236,18335,18447,18559,18684,18831,18956,19056,19164,19247,19356,19472,19612,19744,19868,19968,20079,20191,20287,20431,20572,20684,20783,20895,21008,21132,21280,21424,21536,21648,21756,21840,21952,22064,22192,22316,22416,22524,22620,22720,22844,22972,23104,23215,23324,23420,23532,23648,23772,23916,24028,24127,24239,24335,24447,24591,24732,24844,24956,25055,25164,25279,25404,25551,25676,25775,25884,25980,26092,26208,26351,26476,26588,26688,26799,26911,27020,27164,27296,27408,27516,27616,27724,27840,27964,28096,28223,28332,28428,28527,28652,28783,28924,29052,29164,29260,29372,29484,29599,29743,29871,29983,30092,30188,30300,30432,30572,30704,30828,30928,31039,31151,31260,31404,31535,31647,31772,31884,31999,32124,32271,32396,32524,32639,32736,32847,32972,33116,33232,33344,33452,33548,33660,33791,33932,34064,34175,34288,34400,34511,34620,34764,34895,35008,35116,35228,35340,35471,35612,35743,35856,35968,36079,36192,36300,36431,36556,36668,36767,36879,36975,37084,37199,37343,37455,37567,37679,37788,37888,37996,38124,38255,38368,38495,38588,38688,38799,38924,39055,39196,39324,39420,,,,,,,,,,
0,92,204,316,464,588,716,828,924,1024,1132,1244,1376,1500,1616,1729,1840,1948,2064,2204,2336,2460,2560,2668,2764,2876,3008,3148,3276,3388,3484,3596,3712,3856,3996,4128,4236,4348,4444,4556,4684,4816,4940,5052,5152,5276,5388,5504,5648,5776,5888,5996,6092,6192,6336,6476,6608,6720,6828,6912,7024,7148,7276,7420,7532,7632,7744,7840,7952,8096,8236,8348,8460,8560,8668,8784,8908,9056,9180,9280,9388,9484,9596,9724,9836,9948,10076,10172,10268,10364,10496,10624,10768,10876,10992,11104,11212,11356,11488,11600,11708,11820,11932,12063,12204,12336,12460,12560,12672,12796,12912,13036,13168,13280,13388,13488,13600,13724,13872,13996,14124,14236,14320,14432,14544,14656,14783,14908,15020,15120,15228,15324,15456,15596,15724,15836,15932,16032,16144,16240,16384,16528,16656,16768,16876,16960,17068,17196,17324,17436,17564,17660,17788,17884,17996,18112,18256,18380,18492,18604,18703,18816,18924,19068,19200,19328,19436,19532,19632,19756,19888,20016,20140,20239,20352,20464,20604,20748,20880,21007,21116,21212,21312,21436,21568,21696,21820,21920,22029,22124,22236,22383,22528,22640,22752,22864,22960,23072,23196,23340,23456,23568,23676,23772,23872,23996,24143,24268,24396,24512,24636,24748,24864,25008,25120,25248,25356,25452,25552,25676,25808,25935,26060,26160,26268,26364,26496,26623,26748,26876,26972,27072,27184,27296,27424,27564,27676,27788,27884,28000,28124,28268,28396,28508,28636,28752,28876,28992,29116,29244,29340,29452,29548,29644,29776,29903,30028,30156,30252,30364,30476,30588,30703,30828,30940,31056,31152,31263,31360,31503,31648,31788,31888,31996,32092,32192,32304,32428,32576,32700,32812,32912,33023,33136,33264,33388,33500,33612,33712,33823,33920,34032,34176,34316,34428,34540,34640,34748,34876,35023,35148,35276,35372,35472,35583,35696,35823,35968,36079,36192,36300,36399,36512,36636,36783,36908,37008,37116,37228,37324,37456,37596,37724,37836,37932,38044,38156,38272,38416,38540,38640,38748,38863,38972,39086,39228,39375,39500,,,,,,,,
0,131,271,383,483,595,707,832,963,1104,1232,1315,1423,1520,1631,1747,1891,2015,2128,2255,2355,2467,2591,2739,2863,2975,3075,3183,3279,3411,3539,3663,3791,3887,3987,4099,4227,4371,4511,4623,4735,4835,4944,5059,5184,5315,5443,5551,5647,5759,5891,6019,6160,6272,6387,6511,6627,6751,6883,7011,7135,7235,7359,7491,7631,7779,7903,8031,8127,8226,8339,8467,8611,8735,8847,8947,9059,9171,9279,9423,9535,9651,9763,9871,9984,10099,10223,10355,10483,10575,10675,10783,10879,11023,11171,11283,11395,11507,11631,11759,11903,12015,12115,12239,12323,12435,12547,12671,12803,12931,13043,13151,13263,13379,13519,13651,13775,13887,14003,14111,14223,14339,14479,14595,14720,14815,14915,15023,15139,15263,15395,15523,15631,15727,15827,15938,16063,16192,16303,16431,16527,16627,16739,16863,16991,17135,17247,17347,17458,17555,17667,17811,17951,18063,18191,18287,18387,18511,18658,18803,18915,19023,19119,19231,19343,19471,19615,19731,19843,19951,20047,20159,20303,20451,20575,20675,20783,20879,20991,21123,21263,21391,21503,21603,21712,21823,21951,22099,22223,22351,22467,22591,22719,22863,22995,23123,23231,23327,23427,23551,23683,23823,23935,24067,24191,24303,24418,24563,24690,24815,24915,25039,25151,25267,25411,25551,25667,25791,25887,25999,26130,26271,26403,26515,26623,26738,26851,26979,27123,27251,27363,27471,27567,27667,27791,27923,28051,28163,28271,28367,28479,28623,28739,28883,28991,29087,29187,29311,29427,29571,29695,29811,29907,30015,30127,30239,30371,30498,30623,30735,30835,30943,31039,31171,31298,31423,31551,31647,31747,31858,31983,32111,32255,32367,32467,32591,32687,32799,32931,33071,33171,33283,33395,33503,33619,33743,33891,34015,34127,34227,34339,34451,34579,34723,34835,34947,35055,35155,35267,35391,35538,35663,35791,35887,35987,36098,36223,36351,36483,36591,36703,36818,36930,37058,37199,37315,37442,37555,37679,37791,37919,38063,38191,38303,38403,38511,38623,38751,38899,39023,39151,39247,39347
0,112,224,352,496,611,723,832,944,1059,1184,1315,1443,1552,1648,1747,1859,1984,2131,2256,2368,2467,2579,2691,2800,2944,3072,3184,3283,3392,3488,3600,3744,3875,4003,4111,4208,4307,4432,4563,4704,4835,4944,5040,5152,5264,5392,5536,5651,5763,5872,5968,6080,6211,6352,6483,6595,6704,6800,6931,7059,7203,7315,7427,7539,7635,7748,7872,8019,8144,8255,8355,8464,8579,8723,8864,8992,9104,9187,9312,9427,9551,9686,9811,9907,10004,10112,10208,10320,10464,10592,10704,10815,10915,11024,11139,11264,11411,11535,11636,11744,11840,11971,12099,12243,12355,12467,12592,12688,12819,12963,13104,13232,13327,13427,13539,13651,13779,13923,14035,14147,14255,14355,14467,14591,14739,14864,14975,15075,15184,15279,15411,15551,15683,15795,15903,16000,16112,16227,16371,16511,16624,16723,16831,16927,17039,17171,17312,17423,17535,17635,17743,17859,17984,18131,18255,18355,18463,18559,18671,18787,18931,19055,19168,19267,19379,19491,19599,19743,19875,19987,20095,20196,20304,20419,20544,20675,20803,20915,21024,21120,21251,21379,21523,21635,21743,21840,21951,22063,22179,22323,22435,22547,22671,22767,22879,23011,23151,23283,23395,23507,23619,23743,23859,24003,24115,24227,24351,24448,24559,24691,24831,24963,25075,25200,25311,25427,25571,25711,25823,25935,26035,26147,26291,26419,26563,26675,26803,26911,27007,27139,27264,27395,27523,27632,27727,27827,27971,28099,28243,28352,28467,28579,28675,28819,28963,29088,29215,29315,29423,29539,29651,29792,29935,30051,30163,30271,30367,30479,30611,30751,30863,30975,31075,31183,31279,31411,31551,31683,31795,31903,31999,32112,32227,32371,32495,32607,32707,32819,32915,33027,33171,33311,33423,33535,33635,33743,33859,33983,34115,34243,34351,34447,34547,34659,34783,34931,35055,35167,35267,35379,35491,35599,35744,35875,35987,36095,36223,36319,36451,36591,36723,36835,36943,37039,37151,37267,37411,37551,37667,37775,37875,37983,38099,38243,38371,38495,38595,38703,38819,38943,39071,39215,39328,39427
0,115,227,355,499,611,720,832,944,1075,1216,1347,1456,1552,1651,1765,1888,2035,2160,2272,2371,2483,2608,2723,2867,2995,3107,3219,3328,3424,3555,3696,3827,3939,4048,4144,4275,4384,4528,4660,4787,4912,5011,5136,5267,5408,5539,5668,5779,5888,6003,6128,6275,6400,6528,6643,6752,6864,6995,7136,7248,7360,7459,7568,7680,7795,7936,8067,8176,8288,8403,8515,8624,8768,8899,9027,9139,9251,9376,9507,9648,9779,9892,10000,10099,10211,10323,10467,10595,10720,10819,10928,11043,11168,11315,11440,11552,11651,11764,11875,11984,12096,12227,12352,12468,12576,12688,12784,12896,13027,13155,13268,13363,13471,13571,13680,13795,13920,14051,14160,14272,14371,14480,14595,14719,14848,14979,15088,15184,15283,15395,15520,15667,15792,15904,16003,16115,16227,16336,16479,16611,16723,16832,16944,17043,17168,17300,17427,17552,17651,17763,17875,18003,18128,18259,18368,18464,18595,18704,18847,18979,19092,19200,19299,19408,19523,19667,19808,19939,20051,20163,20275,20384,20528,20659,20787,20899,21008,21123,21248,21395,21520,21648,21763,21860,21972,22096,22239,22355,22467,22579,22691,22803,22928,23075,23219,23347,23472,23583,23715,23843,23987,24111,24227,24339,24431,24544,24687,24835,24979,25088,25203,25315,25412,25536,25680,25808,25920,26031,26144,26255,26387,26499,26627,26736,26848,26944,27056,27167,27296,27427,27536,27631,27743,27843,27955,28080,28195,28336,28447,28543,28643,28755,28867,28995,29136,29247,29360,29455,29555,29667,29776,29907,30031,30144,30243,30355,30451,30563,30687,30831,30947,31059,31167,31264,31375,31507,31647,31779,31891,31999,32096,32208,32323,32467,32591,32703,32803,32915,33027,33136,33280,33411,33539,33648,33743,33856,34000,34128,34259,34371,34480,34575,34688,34835,34959,35071,35171,35283,35395,35504,35647,35779,35891,35999,36112,36223,36355,36495,36627,36767,36879,37008,37123,37248,37395,37520,37647,37763,37888,38003,38128,38259,38399,38527,38643,38767,38883,39027,39155,39279,39379
0,108,204,304,428,560,700,828,924,1024,1136,1248,1376,1520,1632,1744,1852,1952,2064,2188,2335,2480,2592,2700,2796,2908,3024,3168,3292,3420,3520,3628,3740,3855,4000,4140,4252,4352,4460,4556,4688,4816,4940,5068,5180,5276,5408,5516,5660,5792,5904,6012,6112,6220,6336,6460,6608,6752,6860,6956,7068,7184,7328,7468,7580,7680,7788,7884,7996,8141,8272,8400,8508,8604,8736,8876,9020,9152,9276,9372,9472,9584,9727,9868,10000,10111,10220,10316,10428,10556,10700,10832,10960,11068,11164,11264,11388,11520,11647,11772,11884,11996,12127,12236,12380,12512,12640,12748,12844,12943,13068,13199,13327,13452,13555,13660,13756,13887,14015,14160,14272,14384,14495,14591,14704,14828,14972,15087,15200,15308,15404,15516,15647,15788,15919,16044,16144,16255,16367,16476,16620,16748,16860,16960,17068,17164,17276,17420,17552,17680,17788,17884,17984,18108,18240,18380,18508,18604,18704,18815,18927,19055,19199,19311,19424,19537,19631,19744,19868,20012,20128,20240,20348,20444,20543,20668,20815,20940,21068,21164,21264,21376,21500,21628,21772,21884,21984,22095,22192,22304,22448,22588,22700,22812,22924,23024,23148,23280,23420,23564,23680,23804,23904,24028,24175,24300,24428,24524,24624,24735,24860,24988,25132,25244,25344,25455,25552,25676,25820,25952,26080,26188,26284,26396,26528,26655,26800,26912,27020,27135,27232,27356,27500,27632,27760,27868,27964,28064,28188,28319,28460,28588,28684,28796,28908,29024,29167,29308,29420,29532,29632,29740,29856,29980,30127,30252,30352,30460,30556,30668,30799,30940,31068,31180,31280,31388,31500,31616,31760,31888,32000,32108,32204,32304,32428,32575,32700,32828,32924,33024,33135,33260,33388,33532,33644,33744,33871,33980,34095,34220,34351,34479,34588,34684,34783,34908,35039,35180,35311,35420,35516,35628,35740,35856,36000,36111,36223,36351,36463,36588,36719,36860,36988,37084,37196,37312,37424,37548,37692,37840,37951,38064,38188,38304,38447,38588,38700,38812,38940,39036,39180,39308
0,112,240,381,493,605,704,813,925,1040,1185,1297,1408,1516,1616,1725,1840,1984,2096,2224,2333,2429,2528,2653,2781,2912,3024,3133,3229,3328,3440,3565,3712,3837,3948,4048,4160,4272,4381,4525,4656,4768,4867,4976,5085,5200,5325,5456,5584,5692,5789,5888,6012,6160,6304,6416,6525,6621,6733,6845,6960,7104,7216,7329,7452,7548,7661,7793,7933,8064,8173,8268,8368,8480,8608,8752,8876,8989,9089,9200,9313,9440,9584,9713,9825,9937,10045,10141,10273,10400,10525,10653,10749,10848,10961,11085,11213,11357,11469,11568,11680,11777,11889,12013,12156,12272,12385,12492,12588,12700,12832,12973,13104,13216,13328,13453,13568,13692,13824,13936,14060,14173,14289,14412,14560,14685,14812,14925,15020,15132,15245,15360,15504,15616,15728,15836,15936,16061,16192,16304,16432,16556,16656,16765,16861,16992,17120,17244,17372,17468,17568,17680,17804,17932,18064,18176,18301,18400,18496,18608,18732,18876,18992,19104,19212,19308,19408,19532,19680,19805,19932,20016,20124,20220,20368,20512,20636,20748,20848,20941,21057,21168,21293,21437,21553,21665,21773,21869,21981,22113,22253,22365,22465,22573,22669,22781,22912,23053,23185,23296,23405,23501,23613,23728,23872,23997,24108,24208,24320,24416,24528,24672,24812,24912,25024,25136,25248,25372,25504,25645,25772,25868,25968,26080,26192,26320,26464,26572,26684,26781,26893,27008,27132,27280,27404,27516,27616,27725,27821,27953,28092,28224,28336,28444,28560,28673,28780,28924,29056,29168,29276,29376,29485,29600,29745,29872,29996,30096,30204,30300,30432,30560,30704,30816,30924,31020,31132,31244,31372,31516,31617,31728,31840,31936,32048,32172,32320,32444,32556,32656,32764,32860,32992,33132,33245,33357,33456,33564,33661,33805,33932,34077,34189,34288,34400,34497,34609,34753,34877,35004,35117,35217,35329,35453,35601,35744,35853,35949,36092,36208,36352,36492,36604,36732,36828,36928,37040,37168,37312,37452,37568,37676,37788,37888,38032,38172,38304,38416,38524,38620,38732,38848,38992,39132,39244,39341,39452,39548
0,132,272,404,512,608,707,832,964,1104,1232,1328,1440,1552,1680,1824,1940,2052,2160,2256,2368,2500,2640,2752,2864,2964,3072,3168,3300,3440,3572,3684,3792,3888,4000,4116,4260,4384,4496,4596,4708,4804,4916,5060,5200,5312,5424,5524,5632,5748,5872,6004,6132,6240,6336,6448,6579,6708,6852,6979,7092,7200,7312,7428,7540,7680,7811,7920,8016,8116,8228,8352,8500,8624,8736,8836,8948,9072,9188,9332,9460,9572,9680,9776,9876,10000,10148,10272,10400,10496,10596,10708,10832,10960,11104,11216,11316,11428,11524,11632,11760,11904,12020,12144,12256,12356,12467,12579,12704,12819,12944,13072,13156,13267,13379,13504,13632,13776,13891,13987,14099,14196,14307,14432,14564,14676,14788,14883,14992,15104,15219,15364,15492,15616,15716,15824,15920,16052,16180,16291,16400,16512,16608,16707,16832,16964,17104,17232,17344,17440,17556,17668,17792,17936,18051,18163,18272,18368,18500,18644,18784,18912,19008,19120,19236,19380,19520,19632,19732,19840,19936,20048,20180,20320,20432,20544,20643,20752,20868,20992,21140,21280,21376,21476,21588,21700,21808,21952,22085,22196,22304,22416,22528,22660,22800,22932,23040,23136,23236,23348,23472,23600,23732,23856,23956,24067,24192,24308,24432,24579,24691,24800,24896,25008,25139,25267,25412,25524,25632,25728,25840,25955,26099,26240,26352,26464,26560,26656,26768,26899,27024,27140,27251,27363,27475,27587,27699,27840,27971,28085,28195,28304,28400,28512,28624,28740,28864,28976,29088,29188,29299,29412,29520,29651,29764,29875,29984,30080,30192,30304,30432,30560,30672,30784,30880,30992,31107,31251,31392,31524,31635,31744,31840,31952,32084,32224,32352,32464,32560,32672,32784,32899,33044,33172,33284,33392,33488,33588,33712,33840,33952,34064,34176,34276,34384,34500,34624,34772,34896,34996,35088,35188,35299,35444,35584,35712,35827,35924,36032,36160,36304,36419,36531,36643,36755,36880,37012,37139,37264,37363,37476,37587,37712,37840,37984,38112,38224,38336,38432,38547,38672,38804,38944,39056,39156,39267,39379
0,132,240,384,517,628,736,848,960,1092,1232,1376,1504,1604,1716,1828,1952,2100,2244,2352,2449,2560,2672,2785,2912,3044,3156,3264,3360,3492,3600,3744,3876,3988,4096,4208,4308,4432,4564,4692,4816,4928,5040,5152,5268,5412,5552,5668,5776,5876,5984,6100,6224,6356,6484,6596,6704,6800,6932,7060,7204,7316,7424,7520,7632,7744,7872,8016,8132,8244,8352,8449,8560,8692,8832,8964,9076,9184,9280,9392,9508,9652,9776,9888,9988,10100,10212,10320,10464,10596,10724,10832,10928,11028,11152,11284,11412,11536,11636,11745,11840,11972,12100,12244,12356,12485,12592,12688,12800,12932,13072,13184,13296,13396,13504,13620,13744,13892,14016,14128,14228,14340,14452,14560,14704,14836,14948,15056,15156,15268,15392,15540,15664,15792,15888,15988,16100,16224,16352,16484,16596,16704,16800,16916,17028,17172,17312,17444,17556,17668,17780,17904,18032,18176,18288,18388,18500,18624,18740,18884,19024,19156,19268,19392,19504,19620,19764,19876,19988,20112,20196,20304,20420,20564,20692,20816,20916,21024,21120,21232,21380,21524,21636,21744,21841,21952,22068,22212,22352,22464,22564,22672,22768,22880,23012,23152,23284,23393,23489,23600,23712,23844,23984,24112,24224,24320,24432,24544,24660,24804,24932,25044,25152,25248,25348,25472,25620,25744,25876,25984,26080,26192,26308,26452,26592,26704,26804,26912,27008,27120,27264,27396,27524,27636,27744,27840,27972,28100,28244,28356,28464,28560,28672,28784,28912,29056,29172,29284,29392,29488,29600,29732,29872,30004,30112,30208,30308,30420,30544,30692,30816,30944,31044,31152,31264,31380,31524,31652,31764,31872,31968,32080,32212,32352,32484,32596,32704,32800,32932,33040,33184,33332,33456,33556,33668,33780,33904,34032,34176,34288,34404,34516,34628,34740,34884,35012,35124,35232,35316,35428,35540,35664,35796,35924,36032,36128,36228,36339,36451,36576,36692,36816,36944,37060,37184,37280,37411,37536,37648,37748,37856,37940,38064,38192,38336,38448,38548,38660,38756,38867,38992,39136,39252,39364
0,112,221,336,480,608,733,832,940,1037,1168,1296,1440,1552,1660,1757,1869,1981,2096,2240,2349,2445,2557,2669,2797,2941,3069,3181,3281,3389,3504,3629,3776,3901,4029,4144,4241,4352,4496,4637,4768,4880,4989,5085,5216,5344,5488,5600,5712,5840,5952,6077,6224,6368,6509,6608,6720,6832,6957,7105,7229,7341,7440,7549,7645,7757,7905,8029,8157,8252,8365,8496,8605,8749,8896,9008,9117,9229,9344,9456,9584,9728,9868,9968,10092,10205,10336,10477,10621,10720,10829,10912,11037,11149,11296,11421,11532,11632,11744,11856,11952,12064,12188,12332,12432,12544,12652,12752,12860,12976,13101,13232,13360,13469,13581,13677,13808,13936,14061,14188,14284,14384,14496,14608,14736,14880,14992,15120,15228,15340,15469,15597,15712,15840,15949,16032,16141,16237,16380,16528,16652,16764,16864,16976,17088,17196,17340,17469,17580,17680,17788,17884,17997,18140,18272,18400,18508,18604,18704,18828,18960,19100,19228,19324,19436,19548,19676,19820,19948,20060,20189,20304,20428,20576,20700,20832,20944,21052,21165,21296,21436,21568,21693,21804,21917,22032,22176,22316,22428,22540,22640,22749,22864,22989,23121,23261,23372,23472,23584,23696,23808,23948,24080,24192,24300,24400,24512,24636,24781,24928,25052,25152,25280,25392,25536,25660,25788,25916,26012,26112,26220,26336,26476,26588,26700,26812,26912,27020,27116,27248,27376,27500,27600,27692,27792,27904,28016,28141,28256,28368,28480,28588,28685,28784,28909,29056,29180,29292,29392,29500,29596,29708,29824,29968,30092,30204,30304,30416,30528,30636,30780,30912,31024,31132,31232,31340,31456,31580,31712,31840,31948,32060,32156,32288,32416,32560,32668,32764,32864,32976,33089,33216,33360,33472,33584,33692,33792,33904,34028,34176,34300,34412,34512,34620,34716,34848,34976,35100,35228,35324,35425,35536,35660,35789,35932,36048,36160,36269,36365,36476,36608,36732,36848,36960,37072,37196,37328,37456,37600,37712,37836,37948,38064,38208,38349,38480,38588,38684,38796,38928,39068,39200,39312,39420
0,125,253,384,509,609,717,813,925,1041,1184,1309,1421,1520,1632,1744,1853,1997,2128,2257,2365,2461,2573,2720,2864,2977,3089,3197,3293,3405,3533,3677,3808,3937,4045,4141,4253,4384,4525,4657,4768,4877,4992,5105,5213,5357,5488,5617,5725,5821,5921,6045,6176,6305,6429,6529,6637,6733,6865,6992,7136,7248,7360,7472,7568,7680,7805,7949,8064,8177,8285,8397,8493,8624,8765,8896,9009,9117,9213,9325,9441,9584,9709,9821,9921,10033,10129,10241,10384,10525,10637,10749,10848,10957,11085,11232,11357,11485,11581,11681,11792,11905,12033,12176,12288,12400,12512,12608,12733,12864,13005,13117,13229,13329,13437,13533,13664,13805,13936,14049,14161,14272,14400,14525,14672,14797,14909,15008,15117,15213,15344,15485,15616,15728,15837,15933,16045,16160,16304,16445,16557,16657,16765,16861,16973,17117,17248,17373,17469,17568,17680,17824,17952,18097,18209,18317,18432,18528,18640,18784,18909,19025,19136,19245,19341,19472,19597,19744,19869,19969,20081,20192,20304,20432,20576,20688,20800,20909,21008,21133,21264,21405,21536,21645,21741,21840,21952,22077,22224,22349,22461,22577,22685,22797,22925,23072,23197,23309,23408,23517,23613,23744,23885,24017,24128,24237,24333,24445,24560,24704,24845,24957,25056,25165,25261,25373,25517,25649,25776,25885,25981,26080,26205,26336,26477,26605,26701,26800,26912,27024,27133,27277,27405,27517,27616,27725,27837,27952,28096,28224,28336,28445,28541,28640,28765,28896,29024,29149,29249,29357,29472,29597,29725,29869,29981,30093,30192,30288,30400,30525,30669,30784,30897,30989,31088,31200,31325,31472,31597,31709,31805,31901,32000,32144,32272,32397,32497,32605,32721,32832,32960,33104,33245,33357,33469,33568,33677,33792,33936,34064,34189,34289,34400,34525,34653,34797,34928,35056,35165,35261,35360,35485,35632,35757,35885,35981,36080,36192,36317,36445,36589,36704,36816,36925,37021,37133,37264,37405,37517,37629,37725,37821,37933,38064,38205,38336,38448,38557,38653,38765,38880,39024,39148,39260,39360,39484
0,112,212,320,435,560,692,819,928,1040,1136,1268,1395,1539,1652,1763,1888,2004,2128,2259,2388,2512,2612,2704,2835,2960,3088,3219,3332,3459,3568,3683,3808,3955,4068,4192,4291,4400,4516,4627,4739,4867,4979,5091,5200,5315,5427,5568,5712,5827,5939,6048,6144,6256,6387,6528,6659,6772,6883,7008,7119,7248,7392,7508,7631,7731,7843,7955,8079,8229,8351,8464,8563,8675,8787,8915,9059,9188,9299,9411,9523,9636,9779,9919,10048,10160,10275,10384,10495,10627,10768,10899,11011,11120,11215,11327,11459,11599,11727,11840,11935,12047,12159,12275,12419,12548,12671,12771,12879,12975,13107,13247,13360,13487,13584,13683,13795,13919,14048,14191,14304,14419,14527,14624,14735,14879,15011,15139,15251,15359,15456,15587,15715,15859,15971,16083,16195,16291,16403,16548,16691,16819,16927,17023,17123,17247,17379,17519,17647,17744,17843,17955,18067,18195,18339,18451,18563,18671,18771,18883,19007,19155,19279,19391,19491,19599,19695,19827,19955,20080,20207,20291,20399,20495,20627,20755,20898,21011,21119,21215,21327,21439,21555,21698,21811,21923,22031,22131,22243,22367,22515,22639,22751,22864,22963,23075,23199,23327,23458,23571,23679,23775,23887,24003,24147,24287,24399,24499,24607,24703,24815,24947,25091,25218,25327,25439,25555,25679,25807,25951,26079,26211,26303,26403,26527,26658,26787,26911,27011,27119,27234,27359,27487,27631,27759,27871,27983,28082,28195,28319,28450,28563,28691,28799,28895,29026,29138,29279,29407,29523,29634,29759,29855,29986,30127,30239,30367,30463,30559,30675,30786,30914,31039,31170,31282,31394,31506,31634,31778,31890,32018,32130,32239,32335,32466,32606,32738,32863,32975,33087,33199,33295,33427,33567,33679,33790,33903,34002,34127,34271,34386,34511,34623,34722,34831,34946,35075,35200,35343,35458,35570,35682,35807,35938,36066,36206,36319,36415,36526,36642,36786,36927,37039,37135,37234,37330,37442,37567,37711,37839,37970,38079,38175,38306,38434,38578,38690,38802,38914,39023,39135,39278,39426
0,125,237,336,448,560,669,802,925,1024,1133,1229,1341,1453,1581,1712,1824,1936,2045,2157,2289,2413,2560,2673,2781,2877,2988,3121,3261,3405,3520,3617,3724,3825,3968,4112,4252,4380,4476,4609,4717,4828,4961,5101,5212,5313,5421,5516,5648,5773,5920,6044,6144,6252,6368,6480,6588,6732,6860,6972,7072,7181,7292,7408,7552,7681,7792,7900,7996,8096,8242,8368,8493,8620,8716,8816,8929,9053,9181,9312,9424,9532,9628,9740,9856,10000,10140,10252,10364,10464,10572,10688,10812,10960,11084,11196,11296,11408,11521,11628,11772,11900,12012,12112,12220,12332,12448,12592,12721,12844,12944,13052,13148,13281,13408,13532,13660,13756,13856,13971,14097,14220,14364,14480,14592,14700,14796,14908,15040,15180,15292,15404,15504,15612,15728,15852,16000,16124,16252,16368,16464,16576,16700,16844,16992,17100,17196,17308,17420,17551,17692,17820,17932,18028,18140,18252,18368,18511,18624,18736,18844,18944,19056,19180,19328,19471,19612,19708,19820,19932,20048,20191,20304,20432,20540,20636,20748,20880,21020,21151,21263,21372,21468,21612,21727,21871,22000,22124,22223,22332,22428,22559,22700,22844,22972,23088,23180,23296,23420,23567,23692,23804,23903,24012,24108,24240,24380,24511,24623,24733,24828,24940,25068,25212,25343,25455,25564,25663,25772,25887,26031,26161,26284,26384,26492,26588,26720,26847,26992,27105,27212,27308,27420,27532,27660,27804,27921,28031,28140,28236,28348,28492,28640,28764,28863,28971,29068,29179,29311,29452,29583,29695,29804,29916,30028,30159,30299,30432,30540,30635,30768,30879,31007,31151,31263,31392,31500,31596,31708,31839,31979,32124,32255,32367,32463,32587,32732,32863,32991,33099,33183,33295,33420,33551,33692,33823,33931,34028,34140,34252,34368,34511,34623,34735,34843,34943,35056,35167,35311,35439,35552,35659,35756,35855,35979,36112,36240,36379,36491,36587,36700,36815,36959,37099,37211,37308,37408,37504,37616,37728,37871,37983,38095,38223,38331,38447,38571,38719,38843,38943,39051,39148,39259,39387,39531
0,109,225,349,477,621,737,861,960,1069,1165,1277,1373,1485,1617,1757,1901,2018,2141,2241,2349,2445,2557,2669,2784,2909,3057,3197,3309,3437,3533,3633,3745,3853,3965,4109,4237,4384,4509,4637,4733,4833,4945,5041,5149,5265,5389,5517,5661,5777,5901,6001,6109,6205,6317,6413,6525,6656,6797,6941,7056,7180,7293,7393,7504,7600,7713,7837,7968,8109,8240,8368,8509,8609,8717,8813,8912,9057,9165,9309,9457,9581,9693,9808,9917,10029,10125,10237,10353,10477,10625,10749,10861,10973,11072,11181,11281,11389,11485,11617,11744,11888,12017,12141,12253,12353,12477,12573,12672,12797,12912,13056,13197,13328,13440,13552,13661,13760,13868,13965,14096,14205,14348,14496,14621,14733,14833,14941,15041,15149,15245,15377,15485,15629,15761,15888,16001,16093,16193,16305,16400,16509,16624,16749,16896,17036,17149,17277,17373,17473,17585,17680,17793,17917,18048,18189,18320,18448,18560,18669,18765,18877,18972,19085,19216,19344,19488,19616,19741,19840,19949,20064,20160,20269,20384,20509,20637,20781,20896,21021,21120,21229,21325,21437,21533,21645,21776,21917,22061,22177,22301,22401,22509,22605,22717,22829,22944,23069,23217,23357,23469,23597,23693,23792,23904,24001,24125,24256,24384,24528,24657,24781,24880,24989,25085,25197,25293,25405,25536,25677,25821,25936,26061,26160,26269,26365,26477,26573,26685,26816,26957,27101,27217,27341,27441,27549,27645,27757,27869,27985,28109,28257,28397,28509,28637,28733,28832,28944,29041,29153,29277,29408,29549,29681,29809,29917,30001,30109,30205,30317,30429,30544,30669,30816,30941,31056,31168,31276,31373,31473,31585,31696,31824,31968,32109,32237,32349,32461,32560,32668,32765,32876,32992,33116,33264,33408,33520,33648,33757,33853,33952,34064,34176,34285,34416,34557,34701,34816,34928,35037,35133,35232,35344,35456,35565,35697,35837,35969,36080,36192,36301,36400,36509,36605,36717,36833,36976,37117,37248,37360,37472,37581,37680,37792,37904,38028,38144,38288,38429,38556,38688,38796,38892,38992,39104,39229,39345,39469
0,143,291,415,531,656,768,867,980,1092,1200,1331,1472,1616,1732,1856,1984,2096,2195,2304,2399,2499,2611,2736,2851,2995,3123,3248,3360,3459,3568,3667,3776,3891,4032,4163,4291,4416,4544,4656,4752,4848,4960,5104,5252,5392,5504,5632,5728,5828,5955,6064,6179,6304,6431,6579,6704,6832,6947,7056,7155,7267,7379,7491,7587,7711,7860,7983,8112,8223,8323,8431,8527,8628,8751,8867,9012,9151,9283,9408,9507,9615,9715,9824,9919,10051,10159,10304,10435,10563,10675,10784,10883,10991,11107,11200,11331,11459,11603,11731,11856,11967,12067,12176,12275,12384,12499,12623,12735,12851,12976,13103,13232,13327,13427,13539,13647,13760,13859,13971,14095,14211,14336,14447,14547,14656,14755,14864,14959,15104,15220,15363,15491,15615,15728,15827,15935,16032,16128,16227,16351,16463,16579,16704,16835,16963,17088,17203,17311,17408,17519,17651,17775,17904,18035,18176,18307,18435,18544,18639,18739,18851,18947,19072,19219,19343,19487,19603,19728,19827,19939,20031,20143,20240,20371,20495,20643,20783,20895,21027,21119,21219,21331,21439,21583,21731,21855,21971,22096,22207,22319,22419,22531,22640,22771,22911,23056,23203,23315,23427,23539,23647,23759,23891,23999,24144,24291,24415,24527,24627,24735,24835,24943,25040,25151,25267,25412,25551,25663,25791,25888,26003,26115,26223,26319,26451,26579,26703,26835,26963,27075,27187,27312,27395,27503,27619,27744,27871,28019,28144,28271,28383,28483,28595,28703,28799,28931,29039,29183,29331,29455,29587,29711,29807,29907,30019,30143,30259,30383,30531,30656,30771,30883,30995,31107,31215,31315,31423,31519,31631,31763,31875,32003,32128,32228,32355,32463,32559,32659,32771,32883,32991,33123,33251,33375,33475,33587,33695,33795,33903,33999,34099,34223,34351,34495,34627,34755,34863,34959,35071,35171,35279,35379,35523,35663,35811,35935,36063,36175,36275,36383,36495,36591,36723,36831,36975,37123,37247,37363,37475,37583,37679,37779,37891,38015,38131,38275,38416,38527,38627,38735,38831,38931,39039,39139,39283,39424,39555,39667,39775,39875,39987
