0,111,248,360,498,665,811,947,1048,1203,1384,1511,1628,1756,1889,1999,2144,2321,2498,2629,2735,2851,2988,3148,3280,3426,3592,3727,3845,3961,4120,4241,4359,4491,4679,4783,4920,5065,5184,5330,5446,5578,5711,5827,5966,6086,6292,6422,6514,6690,6836,6967,7089,7215,7456,7558,7691,7864,7983,8119,8264,8368,8485,8622,8724,8842,9047,9172,9276,9365,9530,9680,9828,9963,10067,10193,10341,10503,10641,10780,10906,11019,11133,11247,11446,11552,11686,11807,11926,12092,12228,12336,12498,12598,12734,12846,12982,13134,13254,13399,13503,13649,13766,13899,14031,14193,14330,14475,14597,14730,14875,15094,15212,15371,15488,15618,15748,15878,16008,16167,16299,16405,16565,16680,16812,16930,17060,17235,17379,17539,17664,17810,17941,18086,18188,18348,18454,18586,18718,18849,18965,19082,19213,19329,19464,19582,19758,19867,20027,20174,20318,20467,20591,20740,20883,21011,21140,21287,21435,21556,21706,21826,21974,22049,22192,22324,22468,22589,22732,22841,22978,23112,23236,23383,23518,23698,23815,23949,24098,24219,24359,24505,24591,24706,24851,25010,25167,25339,25479,25602,25736,25845,26049,26219,26402,26503,26655,26786,26975,27161,27307,27488,27678,27857,27999,28189,28336,28439,28574,28769,28930,29046,29178,29281,29397,29529,29686,29813,29931,30064,30195,30356,30445,30591,30721,30829,31062,31223,31355,31487,31633,31764,31882,32014,32127,32257,32413,32515,32689,32805,32922,33087,33219,33347,33510,33630,33748,33872,34005,34141,34229,34359,34466,34605,34709,34826,34978,35108,35225,35360,35506,35652,35770,35957,36074,36277,36407,36538,36683,36785,36961,37091,37267,37381,37498,37658,37787,37934,38069,38186,38303,38433,38549,38638,38769,38900,39066,39199,39315,39446,39565,,,,,,,,,,,,,,,,,,,,,,,,,,,,,,,,,,,,,,,,,,,,,,,
0,129,262,374,481,561,647,758,871,983,1089,1185,1287,1398,1511,1607,1718,1830,1943,2054,2146,2257,2390,2502,2597,2721,2833,2967,3089,3190,3333,3510,3633,3745,3879,4006,4097,4210,4321,4449,4545,4705,4817,4918,5030,5142,5254,5361,5494,5602,5697,5798,5889,6001,6113,6241,6342,6465,6566,6673,6769,6870,6982,7094,7206,7313,7398,7489,7601,7713,7815,7927,8033,8145,8240,8337,8449,8561,8694,8822,8933,9057,9170,9287,9414,9521,9633,9766,9889,10005,10113,10209,10342,10454,10561,10657,10768,10870,10982,11093,11201,11334,11441,11537,11633,11729,11841,11942,12064,12181,12293,12422,12529,12641,12752,12870,12982,13094,13205,13365,13473,13569,13681,13814,13925,14038,14150,14257,14369,14470,14593,14705,14806,14912,15008,15141,15239,15350,15462,15574,15681,15777,15888,16000,16113,16232,16355,16468,16598,16710,16822,16918,17030,17141,17265,17446,17557,17680,17793,17910,18022,18134,18257,18391,18481,18598,18721,18833,18967,19079,19201,19297,19431,19554,19681,19793,19905,20033,20151,20273,20391,20513,20616,20727,20849,20961,21073,21202,21362,21495,21616,21730,21842,21960,22070,22209,22337,22455,22567,22690,22801,22930,23047,23207,23345,23457,23569,23703,23831,23945,24050,24161,24279,24391,24503,24631,24753,24887,25009,25111,25247,25393,25521,25650,25745,25857,25969,26081,26193,26295,26423,26545,26657,26769,26903,27009,27143,27269,27399,27505,27617,27764,27879,27990,28113,28241,28360,28486,28609,28721,28854,28983,29096,29217,29329,29463,29569,29713,29841,29975,30152,30311,30423,30551,30673,30786,30919,31031,31159,31281,31393,31521,31655,31777,31890,32024,32129,32273,32385,32519,32649,32769,32904,33015,33153,33265,33399,33537,33671,33793,33921,34049,34168,34312,34440,34583,34732,34913,35047,35169,35313,35462,35590,35704,35825,35970,36098,36241,36375,36487,36625,36737,36871,36999,37121,37271,37393,37524,37639,37761,38082,38217,38359,38528,38741,38945,39206,39559,,,,,,,,,,
0,127,260,395,528,689,823,942,1067,1192,1316,1450,1634,1740,1819,1967,2091,2210,2338,2513,2662,2862,2983,3119,3256,3382,3510,3621,3746,3881,4017,4153,4253,4364,4523,4644,4770,4881,5018,5141,5238,5350,5485,5595,5730,5842,5952,6088,6210,6367,6488,6646,6792,6965,7086,7153,7284,7417,7525,7667,7784,7932,8066,8182,8271,8502,8661,8805,8951,9075,9223,9360,9486,9619,9722,9824,9951,10074,10206,10351,10492,10606,10755,10944,11031,11170,11291,11468,11599,11716,11835,11937,12070,12192,12352,12478,12562,12708,12813,12959,13078,13184,13271,13435,13552,13664,13798,13922,14033,14168,14280,14427,14602,14717,14865,14988,15136,15296,15408,15555,15715,15799,15927,16052,16181,16304,16464,16550,16659,16768,16904,17051,17153,17302,17437,17547,17669,17791,17901,17998,18132,18218,18378,18527,18673,18799,18924,19056,19191,19339,19475,19578,19715,19841,20004,20124,20243,20391,20513,20638,20782,20899,21039,21195,21333,21446,21572,21700,21857,21992,22113,22220,22430,22592,22722,22828,23022,23125,23245,23355,23462,23582,23715,23862,23983,24087,24231,24372,24508,24653,24754,24901,25009,25127,25263,25325,25468,25668,25772,25933,26067,26177,26294,26398,26534,26635,26758,26901,27066,27184,27301,27421,27557,27678,27805,27937,28059,28196,28327,28462,28581,28719,28837,28973,29106,29217,29435,29580,29756,29893,30050,30182,30334,30451,30589,30740,30848,30975,31067,31217,31382,31485,31643,31764,31904,32032,32167,32331,32468,32615,32735,32838,32928,33123,33253,33471,33596,33717,33859,33984,34099,34230,34369,34490,34636,34780,34930,35049,35179,35310,35460,35567,35732,35858,35963,36111,36233,36331,36454,36564,36698,36832,36930,37076,37150,37272,37498,37644,37775,37909,38031,38133,38267,38355,38504,38631,38750,38886,39003,39138,39287,39391,39524,39651,39758,,,,,,,,,,,,,,,,,,,,,,,,,,,,,,,,,
0,112,224,336,452,596,724,836,944,1040,1152,1284,1414,1538,1648,1748,1856,1952,2064,2176,2324,2468,2576,2688,2804,2900,3024,3168,3316,3424,3520,3620,3744,3857,4004,4144,4257,4353,4465,4580,4724,4864,4977,5089,5188,5297,5412,5537,5668,5796,5905,6001,6100,6225,6356,6497,6625,6737,6833,6945,7057,7173,7317,7428,7541,7649,7749,7861,7985,8133,8257,8385,8481,8581,8693,8817,8945,9073,9169,9282,9381,9505,9617,9745,9889,10005,10117,10225,10321,10433,10565,10705,10817,10929,11029,11141,11253,11378,11525,11650,11762,11861,11986,12098,12213,12357,12469,12581,12678,12789,12901,13026,13173,13298,13426,13541,13666,13794,13938,14054,14166,14274,14370,14482,14614,14758,14886,14998,15106,15202,15334,15462,15586,15714,15826,15922,16022,16134,16243,16354,16486,16598,16707,16803,16915,17030,17154,17299,17426,17538,17651,17750,17862,17987,18118,18246,18355,18451,18550,18675,18807,18947,19075,19187,19283,19395,19507,19622,19767,19878,19991,20099,20198,20307,20423,20567,20695,20819,20919,21027,21123,21255,21383,21507,21635,21731,21827,21923,22035,22167,22307,22435,22551,22663,22759,22871,23016,23139,23255,23367,23479,23588,23684,23815,23943,24068,24196,24292,24391,24503,24628,24756,24887,24999,25111,25223,25319,25431,25576,25716,25828,25956,26068,26164,26296,26424,26567,26676,26772,26884,27000,27144,27268,27396,27497,27620,27732,27844,27992,28136,28248,28356,28453,28564,28680,28824,28949,29061,29160,29272,29384,29493,29637,29768,29896,30008,30117,30213,30344,30472,30616,30741,30856,30965,31061,31173,31317,31448,31577,31685,31781,31880,32005,32137,32265,32389,32489,32597,32693,32805,32937,33077,33205,33317,33413,33525,33637,33752,33897,34009,34121,34229,34329,34437,34553,34697,34825,34950,35049,35157,35253,35385,35497,35625,35737,35830,35926,36041,36166,36313,36457,36569,36681,36793,36902,37034,37158,37306,37418,37530,37622,37754,37882,38026,38166,38278,38390,38490,38598,38714,38858,38998,39126,39222,39334,,,
0,144,259,371,480,576,688,819,947,1072,1184,1283,1392,1488,1619,1760,1891,2003,2112,2228,2339,2448,2592,2723,2835,2944,3043,3168,3299,3440,3571,3683,3792,3887,3999,4115,4259,4383,4496,4595,4707,4803,4915,5059,5199,5311,5423,5523,5635,5760,5891,6031,6159,6256,6367,6483,6595,6739,6879,6992,7119,7231,7328,7459,7571,7712,7811,7919,8015,8147,8275,8419,8531,8643,8755,8863,8976,9107,9232,9360,9471,9571,9664,9776,9907,10035,10160,10271,10371,10479,10563,10676,10819,10931,11072,11199,11295,11395,11507,11619,11747,11891,12003,12115,12211,12320,12432,12547,12672,12783,12883,12995,13107,13216,13347,13472,13583,13699,13811,13920,14016,14127,14259,14387,14511,14640,14736,14835,14960,15088,15231,15359,15471,15571,15679,15792,15907,16051,16179,16303,16415,16527,16639,16755,16900,17024,17135,17264,17375,17507,17631,17779,17904,18015,18115,18227,18339,18448,18592,18719,18831,18943,19043,19152,19267,19411,19539,19664,19763,19871,19968,20099,20227,20352,20479,20575,20675,20787,20899,21027,21171,21283,21395,21507,21603,21715,21839,21983,22099,22211,22319,22415,22515,22639,22787,22911,23040,23135,23247,23359,23488,23631,23763,23891,24003,24127,24259,24387,24531,24643,24767,24880,24995,25139,25267,25392,25491,25583,25683,25795,25919,26067,26191,26303,26415,26515,26627,26739,26848,26992,27104,27203,27315,27439,27551,27667,27791,27903,28003,28111,28207,28319,28447,28592,28719,28851,28963,29071,29167,29299,29427,29551,29679,29791,29891,29999,30115,30239,30387,30511,30623,30723,30831,30927,31071,31219,31343,31455,31555,31667,31779,31887,32031,32163,32275,32383,32483,32592,32707,32851,32979,33103,33203,33311,33407,33539,33679,33823,33935,34051,34159,34256,34367,34499,34639,34751,34863,34963,35072,35187,35311,35459,35583,35683,35791,35887,35999,36115,36259,36383,36496,36595,36707,36819,36928,37071,37203,37315,37439,37535,37635,37759,37891,38019,38143,38255,38355,38467,38591,38719,38863,38975,39075,39187,39283,39395,,
0,140,252,352,460,556,687,816,959,1072,1180,1276,1388,1500,1615,1760,1872,2000,2108,2204,2316,2448,2588,2720,2828,2924,3024,3136,3260,3388,3520,3632,3724,3824,3935,4060,4188,4332,4444,4544,4656,4751,4864,4988,5132,5248,5359,5468,5564,5676,5808,5948,6092,6220,6335,6432,6556,6688,6828,6940,7052,7152,7260,7375,7500,7647,7772,7884,7984,8096,8207,8316,8460,8588,8700,8800,8912,9024,9148,9295,9420,9548,9631,9756,9868,9983,10127,10252,10364,10464,10576,10688,10796,10940,11071,11200,11308,11404,11504,11628,11760,11887,12012,12111,12220,12316,12428,12559,12700,12828,12940,13036,13148,13260,13375,13520,13631,13744,13852,13951,14060,14175,14319,14447,14572,14671,14780,14876,15007,15136,15260,15388,15484,15583,15696,15807,15936,16080,16191,16304,16416,16512,16636,16767,16908,17020,17132,17231,17340,17436,17567,17708,17840,17951,18060,18156,18268,18383,18527,18668,18780,18879,18987,19083,19196,19340,19471,19600,19708,19804,19903,20028,20159,20300,20428,20513,20620,20716,20828,20959,21100,21228,21340,21436,21548,21660,21775,21919,22047,22160,22268,22364,22463,22588,22735,22860,22988,23084,23183,23308,23424,23568,23708,23820,23920,24028,24124,24236,24380,24511,24639,24748,24843,24943,25068,25199,25340,25468,25551,25660,25756,25868,25999,26140,26268,26380,26480,26588,26700,26816,26960,27087,27199,27308,27403,27503,27628,27776,27900,28028,28124,28236,28348,28463,28607,28748,28860,28959,29068,29164,29276,29407,29547,29660,29772,29884,29983,30107,30239,30380,30508,30604,30703,30816,30927,31036,31180,31308,31420,31519,31628,31740,31855,31999,32128,32239,32348,32443,32543,32668,32799,32927,33040,33148,33244,33343,33468,33600,33740,33868,33964,34063,34175,34287,34396,34540,34668,34780,34879,34988,35100,35215,35359,35487,35612,35711,35820,35916,36047,36175,36300,36428,36524,36623,36735,36859,36988,37132,37247,37359,37468,37564,37676,37807,37921,38031,38144,38241,38348,38460,38575,38720,38860,38991,39103,39216,39340,39455
0,112,256,396,524,636,732,832,943,1072,1216,1327,1439,1548,1648,1756,1871,2015,2144,2268,2367,2476,2572,2704,2844,2988,3100,3199,3312,3407,3520,3664,3804,3916,4028,4128,4236,4364,4496,4636,4764,4860,4992,5100,5232,5376,5503,5628,5724,5839,5964,6080,6224,6348,6448,6559,6671,6768,6880,7023,7164,7276,7376,7488,7612,7744,7872,7996,8124,8220,8320,8444,8556,8672,8812,8924,9020,9136,9248,9372,9516,9664,9776,9884,9999,10124,10252,10396,10524,10624,10748,10848,10960,11084,11232,11376,11488,11596,11692,11804,11916,12044,12188,12304,12416,12524,12636,12753,12895,13036,13164,13260,13359,13472,13584,13712,13855,13968,14080,14188,14288,14400,14544,14684,14815,14924,15020,15132,15244,15372,15516,15644,15756,15855,15964,16076,16192,16335,16464,16575,16684,16796,16892,17024,17151,17276,17404,17500,17599,17712,17836,17964,18108,18220,18319,18432,18527,18640,18764,18908,19023,19136,19244,19340,19452,19584,19724,19856,19967,20076,20172,20284,20400,20544,20668,20780,20879,20991,21104,21212,21356,21487,21616,21708,21807,21916,22031,22156,22288,22412,22508,22620,22752,22876,23004,23148,23263,23372,23484,23596,23724,23855,23967,24096,24188,24288,24412,24556,24684,24828,24943,25056,25164,25276,25391,25516,25644,25743,25856,25948,26060,26172,26304,26432,26556,26668,26764,26860,26972,27120,27263,27388,27500,27599,27712,27807,27932,28076,28207,28335,28447,28556,28652,28796,28924,29056,29167,29296,29404,29500,29632,29775,29904,30028,30140,30239,30352,30476,30604,30735,30847,30956,31052,31164,31280,31423,31564,31676,31788,31888,31996,32111,32236,32383,32508,32607,32716,32812,32924,33055,33196,33324,33436,33532,33644,33756,33871,34015,34143,34256,34364,34460,34559,34684,34831,34956,35084,35180,35279,35392,35516,35644,35788,35900,36000,36111,36207,36319,36464,36588,36704,36815,36924,37020,37132,37263,37404,37535,37644,37740,37839,37951,38076,38223,38348,38460,38559,38671,38784,38892,39036,39167,39280,39388,39487,,,
0,116,228,336,432,544,676,816,948,1056,1152,1264,1376,1508,1648,1776,1888,1988,2096,2208,2324,2468,2596,2708,2816,2913,3012,3136,3284,3408,3536,3632,3732,3844,3968,4096,4241,4352,4452,4564,4660,4772,4896,5028,5140,5252,5360,5460,5572,5696,5828,5956,6068,6176,6272,6372,6496,6628,6756,6880,6992,7104,7216,7332,7476,7620,7732,7840,7940,8048,8164,8288,8420,8548,8656,8768,8864,8996,9124,9268,9380,9488,9584,9700,9812,9936,10080,10208,10320,10420,10528,10644,10756,10896,11028,11140,11252,11364,11476,11584,11728,11856,11968,12068,12176,12288,12404,12548,12676,12800,12900,13008,13104,13236,13364,13488,13616,13712,13812,13924,14048,14176,14320,14436,14548,14656,14752,14864,14996,15136,15248,15360,15460,15568,15664,15796,15936,16068,16180,16288,16384,16496,16612,16756,16880,16992,17120,17220,17328,17444,17588,17716,17840,17940,18048,18144,18276,18404,18528,18656,18752,18852,18964,19076,19204,19348,19460,19572,19684,19792,19904,20036,20176,20288,20400,20528,20624,20736,20868,21008,21136,21248,21344,21456,21568,21684,21828,21956,22068,22176,22272,22372,22496,22644,22788,22900,23015,23124,23236,23344,23488,23616,23728,23828,23940,24052,24176,24324,24448,24576,24688,24784,24916,25024,25168,25300,25428,25536,25632,25732,25856,26004,26128,26256,26368,26464,26596,26704,26848,26980,27108,27220,27328,27424,27556,27696,27828,27952,28052,28164,28276,28384,28528,28676,28788,28896,28992,29092,29216,29360,29476,29600,29700,29808,29904,30035,30164,30308,30420,30528,30624,30736,30848,30976,31120,31236,31348,31456,31552,31664,31796,31936,32068,32176,32272,32372,32484,32608,32756,32880,32992,33108,33216,33328,33444,33588,33716,33828,33936,34032,34132,34256,34388,34516,34640,34740,34848,34944,35076,35203,35349,35460,35568,35664,35776,35888,36004,36148,36260,36388,36500,36612,36736,36868,37008,37139,37248,37344,37460,37572,37696,37840,37956,38068,38176,38272,38384,38516,38656,38800,38931,39044,39168,39284,39408,,,
0,132,260,384,512,608,708,820,944,1072,1216,1331,1443,1552,1648,1760,1891,2032,2144,2275,2400,2512,2628,2741,2864,2992,3104,3220,3315,3442,3571,3712,3824,3936,4035,4144,4240,4371,4512,4644,4756,4864,4960,5072,5188,5331,5456,5568,5667,5779,5904,6020,6163,6291,6416,6528,6628,6740,6864,6992,7123,7235,7344,7440,7552,7664,7792,7936,8051,8176,8275,8384,8496,8593,8736,8852,8964,9075,9188,9312,9444,9584,9712,9824,9920,10032,10144,10259,10404,10531,10643,10752,10848,10947,11072,11204,11331,11456,11555,11664,11760,11891,12019,12164,12275,12384,12480,12592,12704,12832,12976,13091,13203,13312,13408,13520,13651,13792,13924,14032,14128,14227,14340,14464,14611,14736,14848,14947,15060,15188,15312,15460,15584,15696,15795,15904,16000,16132,16272,16403,16516,16624,16720,16832,16948,17091,17232,17344,17444,17552,17648,17760,17904,18035,18164,18272,18368,18467,18592,18724,18864,18992,19088,19188,19300,19411,19539,19684,19811,19924,20032,20128,20240,20372,20512,20643,20768,20868,20979,21092,21204,21331,21475,21587,21696,21808,21920,22051,22192,22323,22432,22528,22627,22740,22864,22992,23124,23235,23344,23440,23552,23667,23811,23952,24067,24176,24275,24384,24499,24624,24771,24896,25008,25107,25220,25347,25492,25632,25744,25843,25968,26080,26211,26339,26464,26592,26688,26788,26899,27024,27152,27296,27408,27507,27619,27715,27827,27952,28096,28211,28324,28432,28528,28640,28771,28912,29043,29155,29264,29360,29472,29587,29731,29856,29968,30067,30179,30291,30400,30544,30675,30803,30912,31008,31107,31232,31363,31491,31616,31715,31824,31920,32051,32180,32324,32435,32547,32659,32755,32867,32992,33136,33252,33364,33475,33584,33699,33824,33971,34083,34195,34307,34420,34532,34640,34784,34912,35024,35123,35232,35328,35440,35584,35715,35856,35955,36063,36160,36291,36419,36563,36675,36784,36880,36992,37104,37232,37376,37491,37616,37715,37827,37952,38083,38211,38336,38448,38547,38659,38752,38883,39024,39152,39264,39379,39504,,
0,124,256,396,540,636,732,844,976,1116,1248,1356,1452,1564,1676,1804,1948,2076,2188,2287,2396,2512,2636,2768,2896,3004,3116,3212,3344,3472,3616,3728,3840,3952,4060,4172,4304,4444,4556,4668,4768,4880,4992,5104,5244,5388,5500,5612,5712,5824,5932,6076,6224,6348,6460,6560,6668,6783,6924,7055,7168,7276,7392,7516,7612,7756,7884,8000,8108,8207,8316,8431,8576,8704,8828,8927,9036,9151,9276,9392,9536,9647,9756,9852,9951,10044,10156,10284,10416,10527,10639,10732,10832,10956,11072,11196,11340,11456,11567,11676,11772,11904,12044,12156,12268,12380,12480,12588,12703,12828,12943,13068,13180,13292,13404,13516,13664,13807,13935,14060,14160,14272,14396,14511,14656,14780,14892,15036,15148,15276,15424,15567,15679,15808,15920,16028,16144,16268,16400,16527,16636,16752,16864,16988,17116,17260,17376,17500,17600,17724,17856,17983,18108,18208,18316,18412,18543,18672,18796,18928,19040,19164,19276,19392,19536,19663,19775,19888,19996,20092,20223,20352,20476,20608,20716,20812,20924,21039,21183,21324,21436,21535,21644,21740,21852,21984,22124,22236,22348,22460,22560,22684,22816,22956,23084,23196,23292,23404,23516,23612,23743,23868,23980,24096,24207,24320,24444,24576,24703,24847,24956,25068,25151,25276,25388,25516,25644,25740,25839,25948,26044,26156,26303,26428,26540,26652,26751,26844,26956,27072,27216,27328,27436,27552,27664,27760,27903,28048,28175,28284,28380,28476,28604,28716,28847,28988,29100,29200,29308,29392,29503,29632,29756,29900,30012,30111,30236,30332,30464,30608,30736,30860,30959,31084,31196,31324,31468,31599,31727,31839,31948,32044,32188,32335,32460,32572,32687,32796,32908,33024,33167,33295,33408,33520,33628,33724,33855,33983,34108,34236,34332,34444,34556,34684,34828,34960,35084,35180,35292,35424,35564,35696,35804,35900,35999,36112,36236,36384,36524,36640,36752,36876,36972,37103,37228,37356,37468,37580,37679,37792,37916,38064,38188,38300,38412,38527,38640,38764,38908,39023,39136,39248,39360,39472,,,,
0,144,272,416,532,644,752,848,961,1092,1233,1344,1456,1568,1668,1812,1940,2084,2196,2308,2420,2516,2628,2753,2897,3012,3124,3232,3328,3440,3572,3712,3844,3956,4064,4160,4272,4388,4532,4656,4768,4868,4980,5076,5188,5332,5473,5584,5697,5797,5909,6032,6164,6292,6416,6516,6624,6721,6832,6964,7104,7232,7344,7441,7552,7668,7812,7952,8064,8176,8276,8384,8481,8612,8752,8884,8996,9105,9200,9332,9440,9572,9696,9808,9924,10036,10144,10260,10404,10532,10656,10756,10864,10961,11092,11220,11364,11476,11588,11712,11828,11952,12084,12196,12304,12404,12516,12640,12788,12912,13056,13168,13280,13392,13508,13651,13780,13892,14016,14116,14240,14372,14512,14640,14752,14868,14964,15076,15201,15332,15460,15584,15696,15796,15908,16020,16144,16272,16416,16528,16628,16740,16848,16980,17124,17252,17376,17476,17588,17712,17860,18004,18132,18244,18352,18448,18548,18672,18820,18944,19072,19169,19280,19392,19508,19652,19792,19905,20004,20112,20228,20372,20512,20644,20756,20864,20960,21072,21188,21332,21472,21584,21684,21793,21888,22001,22144,22276,22404,22512,22608,22708,22832,22964,23104,23232,23328,23428,23540,23652,23760,23904,24032,24144,24244,24352,24464,24580,24724,24852,24964,25072,25168,25268,25392,25524,25651,25777,25888,25988,26100,26224,26352,26496,26608,26708,26820,26916,27028,27152,27296,27412,27524,27636,27744,27872,28004,28144,28272,28368,28480,28596,28708,28852,28992,29104,29232,29348,29472,29620,29764,29892,30016,30116,30224,30320,30452,30580,30704,30832,30928,31028,31140,31264,31392,31536,31652,31764,31872,31968,32080,32212,32352,32464,32577,32676,32788,32912,33044,33184,33312,33424,33520,33632,33744,33860,34004,34116,34228,34336,34436,34548,34692,34820,34944,35072,35168,35268,35380,35508,35652,35777,35888,36004,36112,36208,36340,36484,36611,36736,36836,36948,37060,37184,37312,37444,37555,37664,37760,37872,37984,38112,38256,38373,38484,38592,38704,38820,38944,39076,39203,39312,39408,39508,,,,
0,112,236,384,528,668,780,880,988,1084,1196,1340,1472,1600,1708,1804,1904,2028,2159,2300,2428,2524,2624,2736,2848,2976,3116,3228,3340,3436,3548,3660,3775,3920,4048,4160,4268,4364,4464,4588,4736,4860,4988,5084,5184,5295,5420,5548,5692,5804,5904,6028,6124,6236,6380,6511,6640,6748,6844,6943,7068,7199,7340,7468,7564,7663,7776,7887,8015,8159,8271,8384,8492,8591,8703,8828,8976,9100,9212,9311,9420,9516,9647,9776,9900,10012,10111,10204,10303,10428,10559,10700,10828,10924,11036,11148,11260,11375,11519,11632,11743,11852,11952,12063,12188,12335,12460,12572,12671,12784,12908,13023,13167,13292,13404,13503,13615,13727,13836,13980,14111,14239,14351,14476,14588,14703,14847,14972,15084,15184,15295,15407,15516,15660,15792,15919,16012,16111,16220,16335,16460,16592,16719,16828,16924,17024,17148,17280,17420,17548,17660,17756,17868,17980,18095,18239,18352,18463,18572,18671,18783,18908,19056,19180,19308,19404,19503,19615,19740,19868,19999,20111,20220,20335,20463,20588,20736,20860,20988,21100,21196,21308,21436,21580,21708,21820,21919,22028,22124,22236,22380,22511,22639,22748,22860,22956,23068,23200,23311,23439,23552,23644,23744,23857,23999,24140,24268,24380,24476,24588,24704,24848,24988,25100,25212,25311,25420,25516,25647,25788,25919,26031,26140,26236,26348,26463,26607,26732,26844,26943,27056,27151,27263,27407,27548,27660,27772,27871,27980,28095,28220,28367,28492,28591,28700,28796,28908,29039,29180,29308,29420,29516,29628,29740,29855,29999,30127,30239,30348,30444,30544,30668,30815,30940,31068,31164,31263,31375,31500,31628,31772,31884,32012,32124,32236,32367,32508,32639,32752,32863,32975,33087,33196,33340,33471,33584,33692,33791,33899,34016,34160,34288,34412,34511,34620,34716,34847,34975,35119,35232,35340,35436,35548,35660,35788,35932,36047,36159,36268,36364,36476,36607,36748,36879,36987,37084,37184,37295,37419,37567,37692,37804,37903,38015,38127,38236,38381,38511,38623,38732,38831,38940,39056,39199,39327,39452,,
0,112,212,324,436,544,688,820,932,1040,1140,1248,1364,1508,1636,1760,1860,1968,2065,2196,2324,2468,2580,2688,2784,2896,3008,3136,3280,3396,3508,3616,3712,3824,3956,4096,4228,4336,4432,4532,4644,4768,4916,5040,5152,5252,5364,5476,5584,5728,5860,5972,6080,6180,6288,6404,6548,6676,6800,6912,7012,7124,7248,7376,7520,7632,7732,7856,7952,8065,8196,8340,8468,8576,8688,8804,8928,9056,9200,9312,9428,9540,9648,9764,9888,10036,10160,10260,10372,10484,10608,10736,10880,10993,11092,11204,11300,11412,11536,11680,11808,11920,12020,12128,12244,12368,12496,12628,12736,12832,12932,13044,13168,13284,13408,13536,13632,13732,13844,13968,14084,14228,14340,14452,14576,14672,14784,14916,15040,15156,15280,15380,15488,15604,15728,15876,16000,16112,16212,16324,16436,16544,16688,16816,16928,17028,17136,17248,17364,17508,17636,17760,17860,17968,18064,18196,18324,18449,18576,18672,18772,18884,19008,19136,19280,19396,19508,19616,19712,19824,19956,20096,20208,20320,20432,20532,20656,20787,20928,21056,21168,21264,21379,21492,21616,21760,21888,22000,22100,22208,22304,22436,22576,22707,22820,22928,23044,23156,23264,23408,23539,23652,23760,23860,23971,24096,24244,24368,24500,24608,24704,24816,24931,25076,25216,25332,25440,25540,25652,25776,25924,26048,26176,26288,26384,26496,26611,26756,26896,27008,27120,27232,27331,27456,27604,27728,27860,27968,28064,28176,28288,28416,28560,28672,28772,28880,28979,29092,29216,29360,29476,29588,29684,29808,29904,30016,30160,30288,30400,30499,30612,30704,30835,30976,31108,31219,31328,31424,31524,31648,31776,31908,32019,32128,32240,32336,32448,32576,32720,32836,32960,33072,33172,33296,33428,33568,33696,33792,33891,34004,34116,34243,34388,34499,34612,34720,34819,34932,35056,35203,35328,35440,35540,35648,35744,35876,36016,36148,36259,36368,36464,36576,36692,36836,36976,37088,37188,37296,37392,37504,37648,37779,37907,38016,38112,38212,38336,38467,38608,38740,38848,38945,39056,39168,39284,39427,39556,39680
0,128,243,368,515,639,767,883,1007,1123,1247,1379,1519,1619,1727,1843,1967,2095,2239,2355,2467,2575,2659,2771,2895,3040,3167,3279,3379,3487,3583,3715,3843,3967,4099,4207,4291,4403,4528,4655,4788,4931,5055,5167,5264,5375,5507,5619,5747,5855,5939,6031,6143,6275,6400,6515,6627,6739,6847,6943,7043,7167,7299,7427,7551,7651,7763,7875,7987,8127,8255,8367,8479,8575,8687,8799,8915,9055,9167,9280,9379,9487,9599,9715,9840,9967,10079,10191,10291,10403,10527,10659,10799,10911,11023,11123,11235,11359,11475,11619,11727,11843,11935,12047,12163,12287,12435,12559,12687,12783,12883,12995,13119,13247,13379,13491,13603,13728,13855,13987,14127,14259,14367,14483,14607,14735,14867,15007,15119,15247,15363,15487,15615,15759,15887,15987,16095,16207,16323,16467,16595,16719,16831,16931,17043,17167,17295,17427,17551,17651,17763,17887,17999,18127,18259,18387,18495,18591,18691,18815,18947,19075,19199,19311,19411,19535,19651,19795,19939,20051,20159,20259,20367,20483,20607,20739,20867,20979,21091,21203,21327,21455,21599,21727,21839,21939,22047,22143,22255,22387,22499,22611,22719,22819,22931,23043,23187,23327,23459,23571,23679,23775,23887,24003,24127,24271,24387,24499,24607,24703,24815,24947,25087,25215,25311,25411,25523,25635,25759,25907,26031,26143,26243,26355,26467,26596,26720,26851,26963,27071,27171,27279,27395,27539,27667,27791,27891,27999,28095,28227,28355,28499,28611,28719,28815,28927,29039,29167,29311,29427,29539,29647,29743,29855,29987,30127,30259,30367,30463,30563,30675,30800,30947,31071,31183,31299,31407,31519,31635,31779,31907,32031,32143,32275,32399,32527,32659,32771,32895,33007,33123,33267,33407,33535,33647,33759,33855,33967,34083,34207,34335,34431,34531,34643,34755,34879,35007,35135,35247,35343,35443,35555,35651,35795,35939,36051,36159,36271,36371,36483,36627,36767,36899,37011,37123,37247,37363,37507,37647,37775,37871,37971,38083,38207,38355,38499,38627,38739,38831,38931,39055,39203,39327,39455,,,,
0,112,243,352,483,624,736,836,947,1056,1171,1296,1427,1568,1667,1776,1859,1984,2116,2256,2384,2496,2611,2707,2832,2963,3104,3216,3328,3427,3536,3651,3776,3923,4048,4160,4259,4371,4484,4592,4736,4864,4976,5075,5184,5300,5424,5571,5696,5824,5920,6019,6131,6256,6384,6515,6627,6736,6851,6947,7059,7203,7347,7488,7600,7712,7824,7939,8083,8208,8320,8419,8544,8640,8752,8896,9027,9155,9264,9360,9459,9584,9715,9843,9968,10067,10176,10272,10384,10515,10656,10784,10896,11011,11136,11251,11376,11507,11635,11744,11856,11952,12064,12195,12336,12464,12579,12692,12787,12912,13043,13184,13315,13424,13520,13619,13731,13856,14003,14128,14240,14339,14451,14563,14672,14816,14963,15088,15187,15296,15392,15523,15664,15808,15939,16067,16179,16304,16416,16563,16688,16800,16899,17011,17123,17251,17395,17507,17635,17744,17827,17939,18064,18211,18336,18448,18547,18656,18752,18864,19011,19135,19264,19360,19459,19571,19696,19824,19968,20080,20179,20291,20400,20512,20643,20784,20896,21008,21120,21219,21344,21475,21616,21744,21839,21939,22051,22163,22291,22435,22547,22659,22767,22880,22992,23123,23264,23395,23507,23616,23712,23824,23956,24096,24227,24355,24464,24560,24672,24804,24944,25075,25187,25296,25392,25504,25619,25763,25904,26016,26128,26240,26352,26483,26624,26755,26867,26976,27072,27184,27299,27443,27587,27699,27808,27907,28019,28144,28291,28416,28544,28640,28739,28851,28976,29104,29248,29376,29488,29616,29731,29856,30003,30144,30240,30339,30451,30563,30672,30816,30963,31075,31188,31299,31424,31555,31696,31824,31936,32032,32144,32255,32371,32515,32627,32739,32864,32960,33072,33203,33344,33475,33587,33699,33811,33923,34019,34143,34275,34400,34499,34624,34736,34851,34995,35123,35248,35359,35459,35571,35696,35811,35955,36067,36179,36304,36415,36531,36675,36816,36960,37059,37171,37283,37392,37536,37667,37779,37887,37999,38099,38224,38371,38495,38627,38736,38832,38944,39059,39203,39328,39439,,,,,,
0,128,272,400,512,624,724,848,979,1120,1264,1364,1488,1600,1716,1860,1988,2112,2224,2324,2436,2560,2688,2820,2944,3060,3172,3280,3396,3540,3668,3792,3892,4000,4116,4240,4368,4512,4640,4740,4848,4944,5056,5200,5332,5460,5568,5664,5764,5876,6000,6148,6272,6384,6497,6596,6707,6819,6928,7072,7204,7328,7412,7523,7635,7760,7891,8020,8131,8243,8356,8480,8608,8739,8880,8992,9104,9203,9315,9460,9588,9712,9840,9936,10036,10147,10260,10388,10531,10643,10755,10867,10964,11075,11200,11344,11460,11571,11680,11776,11875,12000,12147,12272,12400,12512,12608,12720,12835,12979,13120,13232,13328,13428,13523,13635,13780,13920,14032,14160,14272,14368,14500,14628,14771,14883,14976,15072,15188,15312,15427,15552,15664,15764,15876,16000,16128,16272,16420,16544,16656,16788,16896,17040,17187,17300,17408,17520,17636,17760,17907,18032,18144,18243,18355,18467,18576,18720,18848,18960,19059,19171,19280,19395,19539,19668,19792,19904,20016,20128,20243,20368,20499,20611,20720,20836,20944,21056,21200,21331,21459,21584,21696,21808,21923,22035,22161,22272,22384,22512,22611,22723,22868,23008,23120,23248,23332,23443,23552,23648,23792,23939,24051,24163,24272,24368,24480,24608,24752,24883,24995,25104,25203,25312,25427,25552,25684,25811,25920,26016,26115,26240,26371,26512,26640,26736,26836,26947,27060,27168,27312,27440,27552,27651,27760,27872,27988,28131,28259,28384,28496,28595,28707,28832,28960,29091,29204,29315,29427,29555,29699,29840,29971,30083,30208,30320,30432,30547,30691,30803,30915,31024,31123,31235,31360,31508,31632,31760,31856,31955,32080,32208,32352,32480,32592,32704,32816,32947,33088,33219,33344,33443,33555,33680,33808,33952,34064,34163,34272,34368,34480,34595,34720,34851,34963,35088,35200,35297,35427,35552,35680,35793,35891,36000,36096,36195,36320,36451,36579,36688,36800,36896,36995,37107,37232,37347,37459,37584,37680,37795,37907,38019,38131,38272,38400,38512,38628,38723,38835,38979,39104,39219,39344,39443,,,,
0,99,208,304,435,563,688,816,912,1011,1123,1248,1376,1520,1632,1731,1844,1939,2051,2176,2320,2435,2547,2656,2752,2864,2995,3136,3267,3379,3488,3604,3715,3824,3968,4096,4208,4320,4432,4544,4676,4816,4947,5088,5203,5299,5412,5536,5667,5795,5920,6019,6128,6243,6368,6516,6640,6768,6864,6976,7088,7203,7347,7459,7571,7668,7779,7892,8016,8163,8288,8416,8512,8611,8724,8848,8976,9108,9219,9328,9424,9536,9664,9808,9939,10067,10176,10272,10371,10496,10628,10755,10880,10980,11088,11184,11296,11428,11568,11696,11808,11904,12016,12128,12243,12387,12499,12611,12720,12819,12928,13043,13187,13315,13440,13540,13648,13744,13875,14004,14128,14256,14352,14451,14564,14675,14804,14947,15059,15171,15283,15379,15492,15635,15776,15907,16016,16112,16211,16323,16448,16595,16720,16832,16931,17043,17155,17264,17408,17539,17667,17776,17872,17972,18096,18243,18368,18496,18592,18691,18803,18928,19056,19200,19312,19427,19536,19648,19763,19907,20035,20160,20259,20368,20464,20595,20724,20868,21008,21120,21248,21344,21475,21616,21760,21888,21987,22112,22224,22355,22496,22627,22739,22851,22964,23075,23203,23347,23475,23600,23728,23843,23968,24096,24240,24352,24467,24576,24672,24784,24928,25059,25187,25296,25392,25491,25616,25747,25888,26016,26112,26211,26323,26435,26544,26688,26816,26928,27027,27136,27248,27363,27507,27635,27747,27856,27952,28052,28176,28307,28435,28560,28659,28768,28864,28995,29123,29267,29379,29488,29584,29696,29808,29923,30067,30179,30291,30400,30499,30611,30736,30883,31008,31120,31219,31328,31424,31555,31684,31808,31936,32032,32131,32243,32368,32496,32640,32755,32867,32976,33088,33203,33328,33459,33587,33712,33824,33955,34064,34208,34339,34480,34592,34704,34835,34944,35088,35219,35331,35440,35539,35651,35776,35923,36067,36192,36291,36403,36528,36643,36787,36928,37040,37139,37251,37376,37507,37648,37776,37891,38003,38099,38211,38336,38480,38595,38720,38819,38931,39043,39168,39315,39456,,,,,
0,100,212,304,420,564,689,800,900,1008,1107,1220,1344,1475,1587,1700,1824,1908,2016,2128,2256,2388,2516,2628,2736,2848,2944,3076,3203,3328,3440,3540,3648,3764,3892,4036,4160,4276,4384,4480,4592,4724,4848,4976,5104,5216,5312,5443,5571,5696,5827,5936,6032,6147,6256,6368,6483,6627,6756,6867,6976,7072,7171,7296,7427,7556,7680,7779,7888,7984,8115,8244,8387,8500,8611,8723,8832,8963,9107,9236,9360,9456,9571,9696,9824,9968,10096,10208,10307,10419,10544,10692,10816,10928,11027,11136,11251,11376,11504,11635,11760,11859,11987,12099,12211,12355,12483,12608,12720,12820,12931,13056,13184,13315,13427,13536,13631,13744,13859,13984,14128,14256,14368,14464,14560,14672,14784,14928,15044,15156,15264,15360,15459,15571,15715,15856,15987,16096,16179,16291,16416,16544,16676,16800,16900,17011,17104,17219,17363,17488,17616,17728,17827,17939,18064,18175,18323,18467,18576,18691,18816,18928,19043,19168,19315,19440,19539,19648,19763,19891,20036,20160,20275,20387,20496,20611,20755,20883,21027,21136,21232,21344,21456,21568,21695,21839,21955,22067,22176,22271,22403,22528,22675,22800,22899,23008,23104,23216,23347,23488,23616,23728,23827,23936,24047,24163,24307,24435,24547,24659,24784,24896,25027,25168,25296,25411,25536,25651,25775,25907,26048,26176,26272,26384,26499,26643,26767,26899,27027,27140,27251,27376,27523,27647,27760,27859,27971,28083,28191,28335,28467,28579,28688,28787,28896,29011,29155,29283,29408,29520,29631,29763,29871,30003,30143,30255,30368,30467,30576,30691,30835,30947,31088,31200,31295,31391,31491,31616,31763,31907,32016,32111,32211,32323,32451,32595,32707,32819,32943,33039,33151,33264,33411,33535,33647,33747,33839,33939,34051,34175,34304,34415,34544,34640,34739,34851,34963,35091,35236,35359,35472,35583,35696,35811,35936,36067,36195,36320,36419,36527,36623,36755,36896,37027,37139,37231,37363,37459,37571,37715,37855,37967,38080,38179,38288,38403,38528,38659,38784,38896,38992,39104,39215,39347,,,,
0,132,244,352,448,560,676,820,960,1072,1172,1280,1376,1489,1632,1764,1892,2000,2096,2196,2320,2452,2592,2720,2816,2916,3028,3140,3268,3412,3523,3635,3748,3844,3956,4080,4228,4352,4464,4564,4672,4768,4900,5040,5172,5284,5392,5488,5600,5716,5860,6000,6112,6211,6320,6416,6528,6672,6803,6932,7040,7136,7236,7360,7491,7632,7760,7856,7955,8068,8179,8307,8452,8563,8691,8800,8912,9028,9152,9299,9424,9523,9632,9728,9840,9956,10099,10224,10336,10436,10548,10660,10788,10932,11059,11171,11280,11376,11476,11600,11731,11859,11984,12084,12192,12288,12420,12548,12691,12804,12912,12996,13120,13248,13379,13520,13632,13744,13844,13952,14068,14212,14352,14480,14576,14688,14800,14912,15028,15172,15283,15395,15504,15604,15716,15840,15988,16112,16240,16352,16448,16560,16676,16820,16944,17056,17155,17267,17379,17488,17632,17763,17892,18000,18096,18195,18320,18451,18579,18704,18803,18912,19008,19139,19267,19412,19523,19635,19747,19843,19956,20080,20224,20339,20451,20560,20656,20768,20899,21040,21172,21283,21392,21488,21600,21716,21859,21984,22096,22195,22307,22403,22515,22659,22800,22912,23040,23136,23236,23360,23492,23619,23744,23843,23952,24048,24160,24292,24432,24560,24672,24768,24883,25009,25120,25264,25379,25491,25600,25696,25795,25920,26068,26192,26320,26432,26528,26640,26756,26899,27040,27152,27264,27363,27472,27587,27731,27872,28000,28096,28195,28307,28432,28560,28704,28816,28915,29027,29123,29235,29379,29520,29632,29744,29843,29955,30080,30211,30352,30480,30575,30675,30787,30900,31040,31184,31299,31411,31520,31616,31728,31859,32000,32131,32240,32336,32448,32560,32691,32832,32960,33072,33171,33283,33395,33520,33667,33791,33904,34003,34112,34208,34339,34480,34611,34723,34832,34928,35040,35155,35299,35439,35552,35651,35760,35856,35968,36112,36243,36371,36480,36576,36675,36800,36931,37072,37203,37312,37408,37520,37632,37747,37891,38003,38115,38224,38323,38435,38559,38707,38832,38943,39044,39152,39267,39392,,
0,144,272,384,484,592,704,820,964,1092,1216,1316,1424,1520,1652,1780,1904,2032,2128,2228,2340,2464,2592,2736,2852,2964,3072,3168,3280,3412,3552,3664,3776,3876,3984,4100,4224,4372,4496,4608,4708,4820,4932,5040,5184,5312,5428,5536,5636,5748,5872,6020,6144,6272,6368,6468,6592,6708,6852,6976,7088,7188,7300,7396,7520,7664,7796,7924,8032,8128,8228,8352,8484,8612,8736,8836,8944,9040,9152,9284,9424,9552,9664,9760,9876,9988,10112,10256,10404,10512,10628,10740,10852,10980,11124,11236,11348,11476,11568,11680,11812,11952,12064,12176,12288,12400,12512,12644,12784,12912,13024,13120,13232,13344,13459,13604,13731,13844,13952,14048,14148,14272,14420,14544,14672,14768,14880,14992,15108,15252,15376,15488,15588,15700,15796,15908,16052,16192,16304,16416,16516,16624,16740,16864,17012,17136,17236,17344,17440,17552,17684,17824,17952,18064,18163,18272,18384,18499,18643,18772,18884,18992,19088,19187,19312,19443,19571,19696,19796,19904,20000,20131,20259,20403,20515,20628,20739,20864,20979,21124,21252,21376,21488,21600,21712,21828,21972,22112,22228,22336,22435,22544,22659,22803,22931,23056,23156,23268,23379,23504,23632,23776,23888,24004,24115,24224,24340,24464,24611,24736,24835,24944,25040,25172,25300,25443,25556,25668,25795,25904,26019,26144,26292,26416,26515,26628,26739,26864,26980,27124,27236,27344,27440,27552,27664,27780,27924,28036,28147,28272,28368,28480,28580,28723,28864,28976,29075,29184,29299,29424,29552,29684,29808,29923,30032,30144,30240,30384,30515,30643,30752,30848,30947,31072,31203,31331,31456,31555,31664,31760,31891,32019,32164,32275,32387,32499,32595,32708,32832,32976,33091,33203,33312,33408,33520,33652,33792,33923,34035,34144,34240,34352,34467,34612,34736,34848,34947,35059,35155,35267,35411,35552,35664,35776,35875,35984,36100,36224,36355,36483,36592,36704,36800,36912,37043,37184,37312,37424,37520,37632,37744,37859,38003,38115,38227,38335,38435,38544,38659,38803,38931,39056,39155,39268,39379,39507,,
0,96,208,340,448,580,720,836,964,1072,1168,1300,1428,1572,1696,1796,1908,2020,2128,2260,2400,2512,2612,2720,2816,2928,3072,3204,3332,3440,3536,3636,3760,3893,4032,4160,4256,4356,4468,4580,4708,4852,4964,5076,5200,5312,5428,5552,5700,5824,5924,6032,6128,6240,6372,6512,6644,6756,6868,6964,7076,7188,7332,7460,7573,7680,7776,7888,8000,8148,8272,8400,8512,8608,8708,8832,8960,9104,9236,9344,9444,9536,9648,9780,9924,10064,10176,10276,10368,10500,10612,10752,10884,10992,11088,11188,11300,11412,11520,11652,11776,11876,11988,12100,12196,12308,12452,12576,12692,12804,12912,13008,13152,13300,13444,13556,13668,13780,13888,14032,14164,14292,14404,14512,14608,14720,14852,14992,15124,15232,15344,15440,15552,15664,15792,15924,16032,16128,16240,16352,16448,16560,16704,16832,16944,17056,17156,17264,17380,17504,17632,17744,17856,17968,18080,18212,18340,18464,18564,18676,18800,18916,19040,19184,19316,19440,19536,19636,19760,19892,20020,20132,20240,20336,20436,20560,20692,20832,20960,21072,21188,21284,21396,21520,21664,21780,21892,22000,22096,22208,22340,22468,22592,22720,22816,22916,23028,23152,23280,23412,23536,23636,23748,23860,23968,24112,24244,24372,24484,24592,24688,24788,24912,25044,25184,25296,25396,25508,25620,25733,25872,26004,26116,26240,26336,26448,26560,26704,26832,26960,27072,27168,27280,27412,27541,27666,27792,27908,28032,28148,28260,28384,28512,28640,28736,28848,28980,29108,29252,29380,29492,29588,29684,29796,29920,30065,30192,30304,30404,30516,30628,30740,30868,30992,31120,31216,31316,31428,31552,31680,31824,31936,32036,32144,32228,32340,32452,32560,32692,32816,32916,33028,33140,33248,33360,33492,33632,33744,33844,33952,34064,34192,34324,34464,34592,34688,34785,34900,35024,35140,35284,35396,35524,35636,35760,35904,36032,36164,36272,36388,36500,36608,36740,36880,36992,37092,37200,37296,37408,37552,37684,37812,37920,38016,38116,38228,38352,38500,38624,38724,38836,38948,39060,39188,39332,39460,,
0,140,253,365,464,572,688,813,960,1084,1196,1296,1408,1520,1649,1792,1904,2016,2125,2224,2336,2460,2608,2732,2860,2956,3056,3168,3296,3440,3564,3677,3805,3904,4016,4141,4288,4412,4540,4636,4736,4848,4972,5100,5232,5356,5452,5548,5660,5809,5952,6081,6205,6316,6448,6572,6688,6832,6944,7072,7184,7296,7421,7549,7661,7773,7872,7980,8096,8220,8368,8493,8592,8704,8813,8908,9021,9132,9248,9372,9473,9580,9677,9788,9920,10060,10193,10300,10396,10508,10608,10716,10829,10972,11085,11184,11296,11408,11504,11629,11758,11900,12012,12140,12236,12348,12460,12608,12752,12864,12976,13089,13185,13296,13420,13569,13693,13804,13904,14016,14128,14253,14400,14524,14624,14736,14848,14961,15088,15232,15362,15472,15580,15677,15808,15932,16080,16205,16316,16416,16528,16640,16748,16892,17024,17152,17260,17356,17456,17580,17729,17840,17964,18064,18172,18268,18400,18528,18672,18784,18892,18988,19100,19212,19340,19484,19600,19724,19824,19932,20048,20172,20320,20433,20540,20636,20736,20848,20972,21120,21244,21356,21456,21568,21681,21808,21952,22080,22192,22300,22396,22496,22620,22768,22892,23020,23116,23248,23372,23488,23632,23744,23856,23980,24096,24220,24336,24480,24605,24716,24812,24928,25056,25200,25312,25440,25552,25645,25744,25868,26000,26128,26252,26380,26476,26576,26688,26812,26940,27072,27180,27276,27388,27504,27616,27740,27884,28000,28108,28204,28316,28448,28572,28720,28844,28956,29056,29168,29280,29388,29520,29644,29756,29872,29980,30092,30208,30352,30480,30604,30704,30812,30908,31040,31169,31292,31420,31516,31628,31740,31856,32000,32140,32252,32364,32464,32572,32700,32832,32960,33074,33164,33264,33372,33489,33612,33760,33884,33996,34096,34208,34320,34428,34572,34700,34817,34924,35024,35132,35248,35392,35520,35633,35740,35836,35936,36060,36192,36320,36444,36544,36653,36748,36860,36992,37133,37260,37372,37468,37580,37692,37808,37952,38064,38176,38284,38384,38492,38620,38768,38893,39020,39116,39228,39340,39456,,
0,124,252,348,448,560,688,832,972,1084,1196,1296,1404,1520,1644,1776,1904,2012,2108,2220,2352,2480,2623,2735,2847,2960,3056,3167,3292,3436,3551,3676,3775,3884,3999,4124,4271,4396,4508,4607,4720,4831,4940,5084,5212,5324,5424,5532,5628,5740,5884,6016,6144,6255,6364,6460,6591,6719,6844,6972,7088,7200,7295,7407,7532,7676,7791,7903,8012,8108,8239,8364,8496,8623,8735,8844,8940,9052,9184,9324,9452,9564,9660,9772,9884,9999,10144,10271,10383,10492,10588,10687,10831,10972,11104,11216,11324,11420,11532,11647,11792,11932,12044,12143,12252,12348,12460,12604,12736,12863,12972,13068,13167,13292,13423,13564,13692,13788,13887,14000,14112,14252,14396,14511,14623,14732,14828,14940,15072,15212,15343,15452,15564,15660,15772,15903,16044,16156,16268,16367,16479,16604,16720,16864,16991,17103,17212,17308,17407,17551,17692,17823,17935,18044,18141,18252,18367,18511,18652,18764,18863,18972,19068,19180,19324,19455,19583,19692,19788,19887,20012,20143,20284,20412,20507,20607,20720,20832,20940,21083,21212,21324,21423,21532,21644,21759,21903,22031,22143,22252,22348,22447,22572,22703,22831,22956,23055,23164,23259,23391,23519,23663,23775,23884,23980,24092,24204,24319,24463,24575,24700,24812,24927,25071,25200,25324,25436,25536,25643,25740,25852,25980,26111,26220,26316,26415,26524,26619,26751,26879,27023,27135,27248,27360,27455,27579,27711,27852,27964,28076,28172,28284,28399,28540,28671,28796,28908,29008,29120,29232,29340,29484,29612,29723,29823,29932,30048,30171,30319,30444,30572,30667,30767,30879,31004,31131,31263,31375,31484,31580,31691,31807,31951,32092,32203,32316,32415,32524,32639,32764,32895,33023,33132,33243,33360,33471,33600,33743,33855,33967,34079,34175,34299,34431,34571,34684,34796,34895,35003,35100,35231,35372,35503,35615,35724,35820,35931,36047,36191,36316,36427,36527,36639,36735,36847,36991,37132,37244,37356,37455,37564,37679,37804,37951,38076,38175,38283,38380,38492,38623,38764,38892,39004,39100,39211,39323
0,124,272,396,496,608,720,848,972,1116,1232,1344,1452,1548,1660,1792,1920,2044,2156,2256,2364,2448,2572,2705,2832,2956,3056,3168,3292,3407,3552,3692,3804,3904,4012,4108,4220,4351,4492,4604,4716,4815,4924,5040,5164,5312,5436,5536,5644,5740,5852,5968,6111,6236,6348,6448,6560,6672,6782,6924,7056,7184,7292,7388,7488,7632,7760,7884,8012,8108,8208,8320,8444,8572,8716,8832,8956,9068,9168,9280,9404,9516,9632,9744,9852,9948,10061,10173,10305,10432,10556,10655,10764,10861,10991,11120,11264,11388,11503,11615,11728,11852,12000,12124,12252,12348,12448,12560,12684,12812,12944,13068,13167,13280,13375,13488,13632,13772,13884,13996,14095,14204,14320,14444,14576,14704,14812,14924,15020,15132,15264,15404,15532,15644,15740,15852,15964,16080,16223,16335,16447,16556,16656,16768,16892,17040,17184,17308,17408,17520,17632,17740,17884,18012,18124,18223,18332,18428,18540,18684,18816,18943,19055,19164,19247,19356,19452,19583,19712,19823,19932,20028,20127,20240,20384,20511,20652,20748,20847,20972,21088,21200,21344,21456,21564,21660,21772,21884,22012,22156,22271,22384,22492,22588,22700,22831,22972,23103,23212,23308,23407,23520,23644,23792,23916,24028,24128,24239,24352,24460,24604,24736,24847,24956,25055,25164,25279,25423,25552,25676,25788,25887,25999,26124,26252,26396,26524,26622,26735,26844,26959,27103,27232,27356,27468,27567,27680,27804,27932,28064,28176,28293,28412,28508,28620,28764,28896,29024,29135,29248,29360,29488,29631,29772,29888,29996,30124,30220,30351,30479,30604,30732,30828,30940,31071,31180,31324,31455,31567,31676,31788,31887,32012,32143,32284,32412,32508,32608,32732,32848,32992,33132,33247,33356,33452,33548,33660,33791,33932,34043,34156,34268,34364,34476,34591,34732,34863,34975,35084,35180,35292,35407,35551,35695,35807,35932,36028,36140,36252,36400,36543,36655,36767,36892,37003,37115,37231,37375,37504,37628,37728,37852,37983,38111,38236,38348,38448,38560,38671,38780,38924,39056,39167,39276,39375
0,128,224,336,448,576,708,835,948,1056,1152,1264,1376,1508,1648,1760,1872,1971,2083,2196,2324,2468,2592,2692,2800,2896,3008,3124,3268,3408,3520,3632,3732,3840,3956,4096,4228,4352,4464,4563,4676,4788,4896,5028,5136,5232,5344,5443,5568,5684,5828,5952,6068,6179,6292,6400,6515,6640,6771,6899,7008,7104,7203,7328,7475,7619,7731,7856,7968,8080,8196,8320,8451,8579,8688,8784,8883,8996,9120,9268,9392,9504,9603,9728,9856,10000,10131,10259,10372,10464,10563,10676,10800,10928,11060,11171,11283,11396,11507,11616,11760,11888,12004,12128,12224,12336,12481,12628,12752,12864,12995,13103,13248,13396,13520,13648,13764,13888,14004,14128,14259,14388,14496,14608,14723,14835,14976,15108,15219,15328,15411,15524,15648,15776,15920,16032,16132,16244,16368,16483,16628,16768,16912,17011,17123,17216,17332,17456,17588,17712,17827,17936,18048,18144,18256,18387,18515,18628,18723,18832,18931,19043,19188,19328,19459,19571,19680,19776,19888,20016,20160,20291,20404,20512,20624,20723,20848,20995,21120,21248,21344,21443,21556,21680,21808,21952,22064,22176,22288,22400,22528,22676,22800,22928,23024,23123,23235,23360,23488,23632,23744,23859,23968,24064,24176,24320,24451,24579,24688,24784,24883,25008,25139,25280,25408,25520,25635,25731,25856,26000,26131,26259,26368,26480,26576,26708,26836,26979,27092,27200,27296,27408,27520,27636,27780,27891,28003,28112,28211,28323,28448,28596,28720,28832,28931,29040,29136,29267,29396,29520,29648,29744,29875,30000,30115,30259,30387,30512,30611,30723,30848,30976,31120,31248,31344,31456,31568,31683,31827,31939,32051,32164,32259,32371,32483,32608,32739,32851,32960,33059,33168,33283,33428,33555,33680,33780,33888,33984,34096,34228,34368,34496,34592,34704,34800,34896,35027,35155,35280,35392,35491,35603,35728,35844,35968,36099,36227,36339,36448,36544,36676,36803,36947,37088,37200,37312,37411,37520,37635,37760,37891,38019,38131,38240,38336,38467,38595,38739,38851,38963,39076,39184,39316,39440
0,112,221,337,461,609,732,844,956,1073,1184,1296,1440,1552,1664,1789,1885,1996,2109,2256,2380,2512,2624,2736,2848,2956,3101,3229,3341,3441,3549,3660,3776,3920,4048,4172,4272,4381,4477,4608,4736,4861,4989,5084,5184,5296,5408,5536,5680,5792,5904,6016,6112,6224,6349,6493,6608,6720,6829,6924,7024,7149,7296,7421,7548,7645,7744,7856,7980,8108,8240,8352,8461,8557,8669,8781,8909,9053,9169,9281,9389,9485,9613,9728,9868,10000,10124,10224,10336,10448,10576,10720,10832,10944,11056,11152,11264,11389,11536,11680,11792,11900,11996,12108,12240,12380,12508,12621,12736,12845,12957,13088,13228,13372,13500,13618,13712,13824,13968,14109,14220,14333,14432,14540,14656,14781,14928,15053,15165,15264,15376,15488,15616,15760,15872,15984,16093,16192,16304,16428,16576,16700,16812,16912,17024,17136,17260,17408,17532,17644,17744,17856,17968,18064,18188,18320,18432,18540,18636,18732,18828,18960,19088,19212,19324,19440,19566,19676,19788,19920,20048,20160,20268,20364,20460,20572,20688,20828,20940,21052,21180,21276,21408,21536,21680,21792,21900,21996,22108,22220,22336,22480,22592,22704,22812,22912,23024,23148,23296,23420,23532,23632,23740,23837,23968,24096,24221,24348,24464,24576,24688,24796,24940,25072,25184,25292,25392,25500,25616,25740,25872,26000,26109,26204,26316,26448,26577,26720,26832,26960,27072,27181,27296,27420,27552,27680,27792,27900,27996,28128,28257,28400,28528,28640,28765,28864,28988,29120,29248,29392,29500,29596,29728,29836,29980,30128,30252,30365,30464,30576,30700,30828,30960,31072,31180,31296,31408,31516,31660,31792,31920,32032,32144,32268,32384,32528,32652,32764,32864,32976,33068,33180,33308,33440,33552,33664,33772,33872,33984,34108,34240,34352,34464,34572,34672,34765,34876,35008,35148,35260,35372,35484,35584,35696,35820,35952,36080,36188,36300,36396,36508,36640,36780,36908,37024,37132,37228,37328,37436,37548,37680,37792,37900,37996,38096,38208,38336,38480,38592,38704,38816,38912,39024,39148,39296,39420
0,112,228,371,500,612,720,816,915,1040,1171,1300,1424,1523,1632,1728,1859,1988,2131,2243,2352,2448,2560,2672,2788,2932,3044,3156,3253,3364,3475,3600,3748,3872,4000,4096,4195,4307,4432,4560,4691,4803,4912,5008,5120,5235,5379,5520,5632,5744,5843,5952,6067,6192,6323,6451,6563,6672,6768,6899,7027,7171,7283,7395,7507,7603,7715,7840,7984,8131,8240,8336,8436,8560,8691,8832,8960,9072,9168,9280,9392,9507,9651,9763,9875,9984,10083,10192,10308,10451,10579,10704,10803,10915,11040,11155,11300,11424,11536,11636,11748,11843,11955,12099,12240,12352,12464,12564,12672,12787,12912,13043,13171,13280,13376,13476,13588,13712,13859,13984,14096,14196,14307,14419,14528,14672,14800,14912,15011,15120,15216,15328,15472,15603,15731,15839,15936,16035,16160,16291,16432,16560,16656,16755,16867,16979,17107,17251,17363,17475,17587,17683,17795,17920,18067,18192,18304,18403,18511,18608,18739,18880,19011,19123,19232,19328,19439,19555,19699,19840,19951,20051,20160,20256,20368,20512,20643,20771,20880,20976,21075,21200,21331,21471,21600,21696,21795,21907,22019,22147,22291,22403,22515,22623,22723,22835,22960,23107,23232,23343,23443,23551,23648,23779,23920,24051,24163,24272,24368,24479,24595,24739,24879,24991,25091,25200,25312,25427,25571,25712,25843,25955,26067,26179,26288,26432,26563,26675,26771,26879,26975,27087,27220,27360,27471,27584,27683,27792,27907,28032,28179,28304,28403,28515,28627,28739,28848,28992,29120,29232,29315,29427,29539,29647,29791,29923,30035,30143,30243,30355,30479,30611,30739,30863,30963,31071,31168,31299,31427,31571,31683,31795,31907,32003,32115,32239,32383,32499,32611,32719,32816,32928,33059,33199,33343,33456,33555,33667,33779,33887,34031,34160,34271,34371,34480,34592,34707,34851,34979,35104,35204,35312,35409,35540,35667,35793,35919,36003,36112,36209,36339,36468,36611,36723,36835,36947,37043,37155,37279,37423,37539,37651,37759,37856,37967,38099,38240,38371,38511,38607,38719,38831,38947,39091,39203,39311,39412,39520
0,112,224,348,464,588,716,812,912,1024,1136,1244,1388,1535,1660,1788,1884,2016,2128,2256,2380,2492,2592,2704,2796,2912,3024,3148,3292,3408,3520,3628,3724,3856,4000,4128,4252,4364,4476,4588,4700,4828,4960,5072,5184,5308,5420,5548,5679,5808,5932,6032,6156,6268,6396,6540,6672,6800,6908,7004,7104,7228,7360,7500,7628,7724,7824,7936,8048,8176,8319,8432,8544,8656,8752,8876,9020,9168,9292,9392,9500,9616,9727,9856,10000,10112,10223,10332,10444,10556,10688,10828,10960,11068,11164,11264,11376,11500,11648,11772,11884,11983,12096,12224,12367,12508,12640,12748,12844,12944,13056,13180,13328,13452,13564,13663,13776,13900,14028,14176,14300,14428,14524,14656,14780,14908,15052,15152,15276,15360,15468,15596,15740,15888,16000,16112,16224,16348,16476,16620,16732,16832,16944,17040,17152,17264,17408,17520,17648,17744,17840,17948,18060,18188,18316,18431,18540,18654,18752,18860,18976,19116,19247,19372,19468,19564,19696,19823,19948,20080,20188,20300,20412,20524,20636,20768,20908,21039,21148,21263,21388,21516,21648,21788,21888,22000,22108,22204,22336,22460,22608,22732,22844,22944,23056,23168,23296,23439,23551,23664,23788,23884,23996,24128,24268,24400,24511,24620,24716,24828,24944,25088,25212,25324,25424,25535,25648,25756,25900,26032,26160,26268,26364,26476,26608,26736,26860,26988,27100,27196,27312,27424,27568,27708,27820,27932,28032,28144,28268,28400,28528,28652,28752,28860,28956,29068,29200,29340,29468,29580,29676,29788,29900,30016,30160,30272,30383,30492,30592,30700,30816,30959,31087,31212,31312,31423,31548,31664,31807,31920,32031,32140,32236,32348,32476,32608,32720,32828,32924,33023,33136,33248,33356,33487,33612,33712,33823,33948,34063,34208,34336,34448,34556,34652,34752,34864,35007,35120,35260,35388,35484,35584,35696,35807,35936,36060,36172,36284,36383,36496,36608,36716,36848,36988,37100,37200,37308,37404,37536,37680,37791,37920,38028,38140,38236,38367,38495,38639,38752,38860,38956,39068,39183,39327,39468
0,111,220,364,492,604,703,812,924,1040,1184,1312,1436,1535,1644,1740,1872,1999,2124,2252,2348,2448,2540,2671,2799,2944,3056,3183,3292,3388,3500,3631,3772,3884,3996,4095,4208,4319,4444,4591,4716,4844,4940,5052,5164,5280,5423,5535,5647,5756,5868,5968,6092,6239,6364,6508,6607,6719,6831,6940,7083,7212,7324,7424,7532,7628,7740,7884,8015,8144,8255,8364,8461,8591,8719,8844,8976,9084,9200,9308,9420,9564,9691,9804,9916,10015,10124,10236,10351,10479,10604,10716,10815,10924,11020,11151,11292,11423,11535,11647,11740,11852,11967,12092,12236,12348,12448,12560,12655,12764,12876,13004,13135,13247,13360,13455,13567,13680,13804,13932,14047,14157,14255,14368,14492,14639,14763,14892,15004,15100,15200,15311,15423,15564,15708,15807,15920,16028,16140,16271,16412,16524,16636,16735,16844,16959,17084,17231,17356,17455,17564,17660,17772,17904,18044,18172,18283,18383,18492,18604,18719,18863,18991,19103,19212,19307,19407,19532,19679,19804,19932,20027,20128,20240,20364,20479,20624,20735,20844,20940,21052,21164,21279,21423,21535,21647,21756,21855,21967,22092,22240,22383,22508,22619,22732,22844,22959,23103,23215,23327,23436,23535,23647,23771,23903,24032,24143,24252,24348,24459,24572,24703,24832,24956,25068,25179,25312,25407,25531,25675,25788,25887,25999,26107,26219,26331,26463,26575,26687,26795,26924,27020,27132,27263,27392,27535,27647,27739,27839,27951,28075,28191,28316,28428,28527,28639,28751,28879,29023,29152,29275,29388,29484,29580,29691,29823,29936,30047,30171,30268,30380,30492,30635,30763,30908,31019,31119,31232,31339,31452,31583,31708,31823,31932,32031,32127,32239,32383,32511,32624,32735,32844,32939,33071,33212,33323,33435,33535,33643,33739,33871,33999,34124,34251,34347,34447,34559,34684,34811,34943,35055,35167,35279,35375,35487,35631,35775,35903,36011,36107,36207,36332,36463,36591,36715,36815,36923,37019,37131,37263,37403,37535,37647,37759,37855,37967,38091,38235,38352,38463,38571,38667,38767,38892,39040,39163,39295,39403
0,108,204,316,432,556,700,828,928,1036,1120,1232,1356,1500,1616,1728,1840,1948,2064,2188,2336,2460,2560,2668,2764,2876,2992,3116,3260,3388,3488,3596,3696,3792,3916,4048,4188,4300,4412,4508,4624,4748,4879,5008,5120,5228,5324,5423,5536,5660,5788,5920,6028,6124,6223,6335,6447,6575,6716,6828,6940,7036,7148,7276,7407,7548,7676,7788,7884,7996,8127,8268,8412,8527,8639,8748,8844,8956,9087,9228,9359,9468,9583,9695,9820,9948,10092,10209,10319,10428,10524,10636,10767,10908,11039,11148,11244,11343,11455,11580,11727,11852,11964,12063,12175,12287,12396,12540,12671,12783,12908,13004,13103,13228,13375,13500,13628,13724,13823,13935,14060,14188,14332,14444,14543,14655,14751,14863,14988,15132,15248,15372,15468,15584,15728,15856,16000,16112,16240,16352,16463,16608,16736,16847,16956,17040,17148,17263,17408,17535,17660,17760,17852,17951,18063,18188,18304,18447,18572,18684,18783,18895,19007,19116,19260,19388,19504,19612,19724,19836,19983,20108,20220,20332,20431,20540,20636,20767,20895,21039,21148,21260,21356,21467,21583,21708,21852,21967,22079,22188,22284,22396,22527,22668,22799,22911,23020,23116,23247,23375,23519,23631,23759,23868,23964,24076,24207,24348,24479,24591,24700,24796,24908,25023,25168,25292,25404,25504,25615,25711,25823,25968,26108,26220,26348,26444,26544,26668,26799,26927,27041,27148,27245,27344,27455,27580,27727,27852,27964,28063,28175,28288,28396,28540,28668,28780,28880,28988,29084,29196,29340,29472,29600,29708,29804,29916,30047,30175,30300,30428,30524,30623,30736,30847,30975,31120,31231,31343,31456,31564,31676,31808,31948,32080,32188,32300,32416,32540,32668,32800,32912,33039,33148,33244,33375,33516,33647,33759,33868,33951,34060,34156,34288,34415,34527,34639,34748,34844,34975,35103,35228,35356,35468,35564,35676,35788,35903,36047,36188,36287,36383,36479,36588,36716,36860,36976,37087,37212,37311,37436,37549,37679,37820,37920,38028,38124,38236,38348,38463,38588,38732,38832,38944,39036,39148,39260,39388
0,112,208,320,444,588,704,816,924,1020,1133,1264,1404,1536,1648,1756,1852,1964,2080,2224,2349,2460,2560,2672,2768,2880,3024,3164,3276,3388,3500,3600,3724,3856,3984,4097,4204,4300,4400,4512,4636,4784,4924,5036,5132,5244,5356,5472,5616,5728,5840,5948,6048,6160,6284,6432,6576,6688,6796,6892,7004,7120,7264,7388,7500,7612,7724,7820,7932,8076,8208,8336,8444,8540,8640,8764,8896,9036,9164,9260,9360,9472,9584,9712,9856,9968,10081,10172,10284,10396,10512,10656,10784,10896,11004,11100,11200,11324,11472,11596,11724,11820,11920,12032,12156,12284,12428,12540,12640,12752,12848,12960,13104,13244,13356,13468,13568,13676,13792,13916,14064,14188,14288,14396,14492,14604,14736,14876,15004,15116,15216,15324,15436,15552,15696,15824,15936,16028,16128,16236,16352,16496,16624,16748,16848,16956,17052,17184,17312,17456,17568,17676,17772,17884,17996,18124,18268,18384,18496,18588,18688,18800,18924,19072,19196,19308,19408,19516,19612,19744,19872,19996,20124,20220,20320,20432,20556,20684,20828,20940,21040,21152,21248,21360,21484,21628,21744,21857,21964,22060,22172,22304,22444,22576,22684,22780,22880,22992,23116,23244,23376,23488,23596,23692,23804,23920,24064,24204,24316,24416,24524,24620,24732,24864,24988,25088,25200,25308,25408,25520,25644,25792,25916,26044,26140,26240,26351,26476,26604,26736,26847,26956,27052,27164,27279,27424,27564,27676,27804,27900,28012,28156,28284,28416,28524,28620,28732,28844,28960,29104,29244,29356,29468,29568,29676,29792,29916,30048,30176,30284,30380,30480,30604,30736,30876,31004,31116,31212,31324,31436,31552,31696,31808,31920,32028,32140,32240,32364,32512,32637,32748,32848,32956,33052,33184,33312,33436,33564,33660,33760,33872,33984,34112,34255,34368,34479,34592,34688,34812,34944,35084,35196,35308,35408,35516,35612,35744,35884,36016,36128,36236,36333,36444,36560,36704,36844,36956,37056,37164,37260,37372,37516,37648,37776,37884,37980,38080,38204,38336,38476,38604,38700,38800,38912,39024,39152,39296,39408
0,125,253,401,525,637,737,845,941,1072,1213,1344,1457,1565,1661,1773,1901,2045,2177,2289,2397,2496,2605,2720,2864,2993,3117,3217,3325,3421,3552,3680,3824,3937,4045,4141,4253,4365,4493,4637,4765,4877,4977,5085,5201,5325,5472,5597,5696,5804,5901,6013,6144,6284,6413,6525,6625,6733,6845,6960,7104,7232,7345,7453,7549,7648,7773,7921,8045,8173,8268,8368,8480,8605,8733,8877,8988,9089,9200,9297,9421,9564,9696,9824,9932,10028,10128,10253,10385,10525,10652,10748,10849,10960,11085,11212,11357,11472,11584,11693,11788,11920,12044,12192,12332,12445,12541,12684,12800,12944,13084,13216,13329,13452,13564,13692,13840,13965,14076,14176,14284,14380,14512,14652,14784,14896,15008,15120,15232,15341,15484,15616,15728,15836,15936,16044,16172,16304,16432,16556,16652,16737,16844,16960,17084,17232,17356,17456,17568,17680,17792,17900,18044,18172,18284,18384,18492,18604,18720,18864,18992,19104,19212,19308,19408,19532,19664,19792,19916,20016,20124,20220,20352,20480,20624,20736,20848,20960,21057,21168,21292,21436,21552,21664,21772,21868,21981,22124,22272,22396,22524,22620,22732,22844,22960,23104,23216,23328,23436,23536,23648,23772,23921,24044,24172,24268,24368,24479,24604,24732,24864,24988,25104,25216,25328,25452,25600,25724,25856,25964,26060,26172,26287,26431,26575,26688,26812,26908,27007,27132,27280,27404,27532,27628,27759,27871,27980,28124,28252,28364,28476,28646,28751,28892,29036,29151,29276,29375,29488,29612,29743,29871,29996,30108,30208,30320,30431,30559,30703,30831,30956,31055,31164,31280,31404,31532,31663,31788,31888,31999,32124,32252,32396,32524,32652,32748,32844,32940,33052,33200,33324,33436,33535,33644,33740,33852,33996,34124,34252,34348,34448,34540,34652,34783,34924,35056,35164,35276,35388,35500,35644,35775,35903,36027,36127,36239,36351,36463,36603,36747,36847,36959,37067,37167,37311,37455,37583,37707,37819,37919,38031,38156,38283,38415,38529,38651,38747,38860,39004,39151,39295,39407
0,115,240,387,512,624,736,848,963,1107,1220,1331,1459,1568,1664,1776,1920,2067,2192,2292,2404,2528,2640,2768,2899,3012,3124,3248,3343,3456,3600,3747,3871,3983,4095,4207,4320,4447,4591,4707,4820,4932,5043,5167,5315,5459,5571,5699,5808,5903,6035,6159,6291,6419,6527,6623,6723,6847,6995,7139,7251,7363,7475,7571,7683,7827,7967,8080,8191,8291,8400,8515,8659,8800,8927,9039,9156,9252,9363,9487,9631,9747,9860,9971,10079,10195,10319,10467,10592,10703,10804,10915,11027,11135,11279,11407,11520,11619,11727,11839,11955,12099,12227,12351,12451,12560,12655,12787,12915,13039,13167,13263,13363,13475,13587,13715,13859,13972,14083,14195,14303,14415,14547,14687,14819,14927,15039,15135,15247,15379,15519,15647,15759,15855,15967,16079,16195,16339,16451,16563,16671,16783,16895,17039,17186,17311,17423,17523,17651,17763,17887,18031,18159,18271,18383,18483,18595,18719,18866,18991,19119,19215,19327,19439,19554,19699,19839,19967,20063,20163,20287,20418,20559,20691,20802,20931,21043,21167,21299,21439,21571,21683,21795,21891,22003,22147,22287,22399,22511,22611,22719,22834,22959,23107,23231,23359,23455,23571,23683,23826,23970,24111,24210,24319,24415,24546,24659,24787,24930,25043,25167,25250,25363,25475,25599,25727,25839,25951,26063,26164,26275,26418,26530,26659,26770,26879,26975,27087,27231,27346,27490,27599,27695,27794,27906,28019,28146,28290,28402,28515,28623,28722,28847,28978,29119,29247,29359,29471,29567,29698,29826,29970,30082,30194,30302,30402,30527,30670,30818,30931,31042,31134,31236,31359,31506,31650,31758,31871,31982,32094,32226,32370,32511,32622,32723,32834,32958,33087,33231,33342,33443,33554,33651,33762,33886,34031,34146,34258,34366,34463,34575,34706,34846,34978,35086,35182,35283,35407,35523,35666,35790,35919,36018,36126,36238,36366,36514,36658,36767,36878,36974,37086,37202,37346,37490,37602,37710,37822,37934,38066,38206,38338,38478,38574,38702,38815,38946,39090,39218,39343,39442
0,131,259,368,463,563,687,819,960,1087,1183,1283,1395,1507,1615,1760,1888,2000,2099,2208,2320,2435,2579,2707,2832,2931,3040,3136,3267,3395,3539,3651,3760,3856,3968,4083,4227,4368,4480,4592,4691,4800,4915,5059,5187,5312,5423,5523,5635,5760,5888,6032,6160,6272,6384,6483,6608,6739,6880,7008,7119,7216,7328,7443,7587,7728,7840,7952,8051,8160,8275,8399,8531,8659,8768,8864,8975,9088,9219,9360,9488,9600,9696,9808,9920,10035,10179,10307,10419,10528,10640,10736,10867,11008,11139,11251,11359,11456,11568,11683,11827,11952,12063,12163,12276,12371,12483,12627,12767,12879,12992,13092,13203,13328,13459,13600,13727,13823,13935,14032,14127,14259,14367,14511,14623,14723,14835,14947,15056,15200,15332,15443,15552,15652,15760,15875,16019,16159,16291,16399,16515,16627,16735,16880,17011,17123,17231,17344,17456,17587,17727,17871,17984,18083,18195,18307,18415,18559,18691,18803,18911,19039,19135,19267,19407,19539,19651,19759,19855,19968,20083,20227,20368,20480,20592,20691,20800,20915,21059,21187,21312,21411,21520,21615,21747,21875,22019,22131,22240,22335,22448,22560,22688,22832,22947,23059,23168,23263,23376,23507,23647,23779,23888,23983,24083,24195,24320,24467,24591,24703,24803,24915,25027,25135,25279,25427,25551,25651,25760,25855,25987,26115,26239,26367,26463,26563,26687,26803,26947,27091,27219,27331,27440,27523,27647,27779,27891,28031,28159,28255,28367,28483,28627,28767,28879,28979,29087,29183,29295,29427,29567,29679,29791,29903,30003,30127,30259,30400,30527,30623,30735,30835,30946,31055,31187,31331,31459,31583,31683,31807,31919,32035,32179,32320,32415,32531,32643,32767,32899,33027,33139,33247,33343,33455,33587,33727,33859,33971,34083,34195,34307,34415,34560,34687,34799,34899,35007,35119,35235,35379,35507,35632,35731,35839,35935,36067,36195,36319,36463,36563,36675,36771,36883,37027,37167,37279,37411,37523,37647,37763,37907,38047,38159,38259,38367,38463,38575,38719,38866,39011,39123,39247,39363,39487
0,108,204,304,428,560,688,812,912,1021,1136,1260,1388,1532,1648,1760,1868,1964,2077,2208,2348,2461,2572,2672,2784,2896,3021,3168,3292,3404,3504,3616,3728,3836,3981,4109,4220,4320,4428,4524,4636,4780,4912,5040,5148,5244,5356,5488,5616,5740,5868,5964,6064,6176,6288,6416,6560,6672,6785,6896,7004,7116,7248,7388,7500,7612,7712,7820,7916,8048,8188,8320,8432,8540,8636,8748,8864,9008,9148,9261,9372,9472,9585,9708,9856,9981,10092,10192,10304,10416,10556,10701,10832,10944,11041,11148,11244,11356,11500,11632,11756,11868,11981,12076,12208,12336,12479,12591,12700,12796,12908,13020,13148,13292,13408,13520,13628,13724,13836,13968,14108,14240,14348,14444,14544,14656,14780,14928,15052,15164,15264,15376,15488,15596,15740,15872,15984,16092,16192,16300,16416,16560,16688,16812,16912,17024,17136,17260,17388,17532,17644,17744,17856,17952,18096,18240,18368,18480,18588,18684,18784,18908,19040,19180,19308,19404,19504,19616,19728,19836,19981,20108,20220,20320,20428,20540,20656,20800,20928,21041,21148,21244,21344,21468,21600,21728,21852,21952,22060,22156,22288,22416,22560,22672,22780,22876,22989,23100,23216,23360,23472,23584,23692,23792,23905,24028,24176,24300,24412,24512,24620,24716,24848,24975,25100,25232,25340,25436,25548,25664,25808,25948,26060,26172,26272,26380,26496,26620,26752,26880,26988,27072,27196,27328,27456,27600,27712,27824,27936,28032,28156,28288,28428,28540,28640,28748,28844,28956,29088,29228,29360,29472,29580,29676,29788,29904,30048,30172,30284,30384,30496,30608,30716,30860,30992,31119,31228,31324,31424,31548,31680,31808,31932,32032,32140,32256,32367,32496,32640,32752,32864,32976,33072,33184,33308,33452,33568,33680,33788,33884,33984,34108,34256,34380,34508,34604,34704,34816,34941,35068,35200,35312,35424,35536,35632,35744,35888,36028,36140,36252,36352,36464,36588,36720,36860,36988,37084,37184,37296,37408,37536,37680,37792,37904,38016,38112,38224,38348,38496,38620,38732,38832,38940,39036,39168,39308,39440,39552,39665,39776,39888,39996
