25623,25757,25897,26040,26155,26351,26508,26621,26747,26860,26956,27044,27221,27337,27426,27606,27809,27972,28106,28275,28396,28523,28631,28719,28822,28976,29091,29207,29362,29477,29594,29700,29816,29946,30062,30177,30302,30394,30469,30604,30717,30855,30956,31031,31107,31232,31359,31477,31576,31686,31799,31900,32013,32148,32260,32391,32492,32592,32680,32780,32893,33017,33109,33221,33320,33463,33575,33713,33825,33954,34042,34129,34291,34393,34507,34639,34767,34867,34955,35067,35166,35264,35396,35496,35633,35746,35858,35946,36046,36146,36247,36348,36448,36555,36655,36767,36916,37015,37116,37203,37303,37425,37537,37686,37811,37937,38037,38174,38286,38387,38479,38653,38740,38852,38977
26048,26160,26294,26416,26534,26647,26768,26880,26992,27120,27224,27347,27489,27617,27728,27840,27974,28087,28209,28336,28464,28593,28711,28822,28928,29047,29168,29302,29431,29552,29687,29798,29895,30049,30182,30310,30422,30529,30640,30758,30886,30998,31120,31233,31344,31477,31584,31686,31808,31920,32048,32166,32272,32401,32528,32662,32790,32912,33024,33158,33296,33430,33542,33670,33792,33904,34032,34144,34290,34422,34550,34672,34840,34966,35089,35223,35328,35463,35584,35728,35846,35959,36080,36215,36342,36465,36576,36710,36839,36960,37088,37230,37328,37440,37590,37729,38063,38198,38327,38447,38720,38914
25473,25578,25630,25696,25775,25855,25961,26080,26212,26347,26480,26572,26690,26810,26928,27019,27139,27246,27390,27494,27625,27754,27884,27988,28144,28248,28353,28470,28561,28677,28808,28925,29044,29161,29282,29441,29625,29787,29947,30040,30154,30277,30369,30517,30624,30701,30860,31008,31135,31250,31379,31519,31633,31761,31888,31978,32132,32235,32398,32500,32589,32730,32833,32961,33077,33215,33343,33565,33694,33807,33935,34048,34187,34277,34377,34528,34615,34755,34869,34961,35087,35201,35302,35430,35520,35636,35763,35878,35994,36126,36257,36363,36496,36618,36746,36870,36990,37128,37285,37374,37524,37652,37782,37886
25732,25863,25991,26135,26247,26359,26487,26596,26711,26836,26964,27095,27204,27300,27396,27508,27623,27764,27896,28008,28116,28212,28324,28440,28584,28708,28820,28936,29044,29156,29284,29432,29556,29684,29780,29880,29992,30117,30245,30376,30488,30597,30692,30804,30933,31077,31208,31336,31445,31557,31653,31784,31912,32037,32165,32261,32373,32485,32597,32725,32869,32984,33096,33205,33301,33413,33544,33685,33797,33909,34009,34117,34213,34344,34485,34617,34729,34837,34933,35045,35193,35337,35445,35557,35657,35769,35893,36037,36153,36278,36390,36489,36614,36745,36886,37017,37126,37241,37337,37449,37574,37718,37834,37945,38057,38166,38281,38406,38553,38678,38806,38902
25796,25908,26016,26112,26212,26324,26448,26595,26720,26832,26932,27044,27156,27284,27428,27540,27652,27760,27860,27971,28115,28244,28356,28480,28580,28704,28835,28964,29088,29200,29312,29424,29536,29652,29796,29923,30048,30176,30272,30404,30532,30676,30788,30900,31011,31107,31220,31344,31488,31616,31728,31856,31952,32083,32212,32356,32468,32596,32720,32832,32964,33092,33216,33344,33456,33552,33664,33776,33904,34048,34164,34276,34388,34496,34612,34736,34868,34996,35108,35216,35312,35424,35556,35683,35808,35920,36032,36128,36224,36336,36448,36563,36708,36820,36932,37040,37140,37252,37376,37523,37648,37748,37856,37952,38051,38176,38324,38448,38576,38660,38768
25919,26047,26160,26259,26367,26463,26575,26719,26851,26979,27087,27183,27283,27407,27540,27680,27807,27903,28003,28115,28227,28355,28499,28611,28724,28847,28944,29075,29200,29347,29471,29583,29683,29795,29907,30035,30179,30291,30403,30515,30611,30723,30847,30995,31120,31231,31331,31439,31555,31679,31827,31951,32063,32175,32287,32399,32515,32659,32787,32899,33007,33104,33216,33347,33488,33599,33727,33824,33923,34035,34159,34287,34431,34543,34643,34755,34851,34963,35107,35247,35359,35471,35571,35680,35795,35920,36067,36179,36287,36383,36483,36607,36739,36879,36991,37103,37219,37327,37443,37567,37715,37839,37952,38063,38175,38288,38420,38559,38671,38803,38911
25604,25716,25828,25936,26080,26208,26320,26416,26516,26624,26756,26880,26992,27092,27216,27328,27444,27588,27715,27840,27940,28048,28144,28275,28404,28528,28659,28768,28864,28976,29092,29236,29376,29488,29588,29696,29792,29904,30035,30180,30307,30420,30528,30624,30756,30884,31028,31139,31248,31344,31456,31568,31683,31828,31940,32069,32180,32288,32404,32528,32676,32800,32912,33012,33124,33236,33344,33476,33600,33728,33828,33936,34035,34144,34275,34419,34548,34660,34772,34884,35008,35136,35268,35380,35488,35584,35696,35812,35936,36080,36208,36339,36432,36532,36644,36755,36880,37027,37152,37264,37376,37488,37600,37715,37840,37972,38100,38208,38304,38403,38528,38675
25616,25715,25824,25939,26064,26192,26336,26452,26563,26672,26768,26880,27012,27152,27264,27364,27472,27568,27668,27792,27940,28064,28192,28288,28388,28499,28624,28752,28884,28996,29108,29220,29315,29427,29572,29712,29824,29936,30035,30144,30259,30384,30516,30644,30752,30848,30948,31059,31184,31332,31456,31568,31668,31779,31891,32000,32144,32272,32384,32484,32592,32688,32800,32944,33076,33204,33312,33408,33508,33632,33764,33904,34032,34128,34228,34339,34451,34580,34724,34836,34948,35059,35156,35268,35392,35539,35664,35776,35872,35968,36067,36212,36324,36451,36576,36675,36784,36880,37011,37139,37283,37396,37504,37619,37728,37859,38004,38132,38256,38356,38464,38560,38692
25601,25744,25885,25997,26097,26205,26300,26412,26557,26688,26816,26925,27020,27120,27245,27376,27517,27644,27740,27840,27952,28064,28192,28336,28448,28560,28668,28768,28880,29004,29152,29276,29388,29488,29597,29692,29824,29952,30076,30205,30300,30400,30512,30636,30764,30909,31036,31136,31244,31340,31452,31584,31724,31836,31948,32048,32156,32272,32397,32545,32668,32769,32876,32973,33085,33200,33344,33468,33581,33696,33805,33917,34032,34176,34304,34416,34525,34620,34732,34877,35004,35136,35248,35357,35472,35584,35724,35872,35996,36124,36240,36364,36477,36592,36717,36844,36956,37056,37168,37280,37404,37552,37677,37805,37900
25840,25936,26048,26160,26275,26419,26531,26643,26752,26851,26963,27088,27235,27360,27488,27584,27683,27795,27920,28048,28179,28291,28400,28496,28608,28723,28867,29008,29139,29251,29360,29475,29600,29728,29859,29984,30099,30208,30320,30436,30579,30707,30832,30931,31040,31136,31267,31395,31520,31651,31763,31891,32003,32128,32275,32400,32531,32640,32736,32867,32976,33120,33248,33363,33472,33571,33680,33795,33939,34067,34192,34292,34400,34516,34640,34768,34912,35024,35123,35235,35332,35444,35587,35728,35859,35971,36083,36176,36275,36387,36528,36640,36771,36883,36991,37088,37219,37347,37488,37600,37712,37811
25453,25584,25725,25837,25949,26048,26157,26253,26384,26512,26637,26749,26849,26957,27053,27184,27325,27469,27581,27677,27773,27885,27997,28112,28256,28368,28480,28589,28688,28800,28925,29072,29197,29325,29421,29552,29664,29792,29936,30048,30160,30269,30368,30481,30605,30752,30877,31005,31101,31232,31357,31472,31617,31728,31840,31949,32049,32160,32285,32432,32557,32669,32769,32893,33005,33152,33277,33389,33501,33629,33728,33840,33984,34096,34208,34336,34449,34573,34704,34832,34957,35057,35165,35261,35360,35472,35584,35712,35837,35965,36080,36192,36288,36400,36525,36669,36784,36893,36989,37088,37197,37312,37456,37585
26092,26224,26364,26496,26604,26720,26832,26944,27084,27228,27344,27468,27580,27712,27853,27996,28124,28237,28348,28448,28560,28704,28844,28976,29088,29196,29312,29436,29564,29712,29836,29948,30060,30192,30320,30444,30588,30704,30816,30924,31040,31164,31296,31437,31565,31660,31760,31872,31984,32092,32236,32364,32476,32576,32684,32796,32912,33056,33184,33296,33405,33500,33600,33725,33872,33997,34124,34220,34320,34432,34556,34684,34828,34944,35068,35180,35292,35436,35564,35696,35808,35916,36000,36124,36240,36384,36524,36636,36736,36844,36940,37072,37216,37344,37468,37568,37676,37772,37904,38016,38156,38268
25907,26035,26147,26256,26352,26464,26595,26736,26867,26979,27088,27184,27296,27411,27555,27696,27808,27908,28016,28112,28243,28368,28499,28627,28736,28832,28931,29056,29187,29328,29459,29568,29664,29779,29891,30016,30160,30307,30419,30528,30643,30768,30896,31040,31152,31267,31392,31504,31635,31763,31888,32016,32112,32211,32323,32448,32576,32720,32832,32931,33043,33139,33251,33376,33520,33635,33747,33856,33952,34064,34195,34336,34467,34579,34688,34784,34896,35011,35155,35280,35392,35491,35603,35728,35843,35987,36115,36240,36339,36451,36563,36691,36835,36960,37072,37171,37283,37396,37536,37683,37808,37936,38032,38144,38255,38371,38515,38639,38752
25583,25695,25807,25935,26047,26191,26335,26476,26588,26700,26831,26940,27084,27212,27324,27436,27535,27644,27756,27884,28015,28143,28268,28380,28492,28607,28751,28892,29004,29103,29215,29324,29439,29583,29724,29852,29948,30047,30159,30271,30383,30524,30655,30767,30879,30972,31071,31196,31311,31436,31564,31660,31759,31871,31967,32079,32204,32348,32463,32575,32684,32796,32924,33056,33183,33292,33404,33500,33612,33724,33839,33964,34076,34204,34300,34399,34524,34639,34783,34924,35036,35148,35247,35356,35471,35596,35727,35855,35964,36048,36172,36319,36444,36588,36688,36812,36924,37039,37184,37324,37452,37548,37648,37759,37884,38031,38156,38268
25523,25651,25759,25855,25968,26099,26239,26371,26483,26595,26707,26819,26947,27091,27203,27331,27439,27555,27699,27839,27983,28095,28196,28307,28403,28547,28691,28819,28943,29043,29155,29279,29427,29571,29699,29811,29919,30015,30115,30239,30387,30511,30639,30751,30847,30959,31075,31219,31360,31471,31571,31679,31776,31887,32032,32163,32291,32400,32495,32595,32719,32851,32991,33120,33215,33315,33427,33539,33667,33811,33923,34035,34143,34243,34355,34479,34627,34751,34863,34975,35075,35187,35311,35439,35571,35683,35792,35887,36000,36115,36259,36399,36511,36611,36719,36815,36927,37059,37199,37311,37423,37523,37631,37746,37871,38019,38143,38243,38355,38467,38579,38688,38831,38963
25597,25696,25808,25920,26029,26173,26304,26433,26557,26657,26768,26893,27040,27165,27277,27376,27488,27600,27709,27853,27984,28096,28205,28333,28448,28573,28720,28845,28976,29104,29213,29328,29453,29600,29725,29824,29933,30029,30128,30240,30369,30493,30621,30733,30848,30973,31088,31232,31360,31472,31584,31696,31808,31933,32061,32192,32317,32432,32541,32640,32749,32880,33021,33136,33232,33341,33437,33549,33680,33824,33952,34064,34173,34269,34381,34493,34640,34765,34893,35005,35120,35216,35325,35440,35584,35712,35824,35933,36029,36160,36285,36413,36541,36637,36736,36845,36960,37072,37200,37344,37456,37568,37680,37789,37933,38080,38205,38304,38413,38509,38640,38768,38893
26192,26333,26445,26557,26656,26765,26880,27005,27152,27277,27376,27485,27581,27693,27824,27965,28093,28205,28304,28413,28525,28640,28784,28912,29024,29133,29229,29341,29472,29613,29744,29856,29965,30061,30173,30289,30432,30572,30685,30784,30893,30991,31120,31264,31392,31504,31613,31709,31808,31933,32061,32192,32304,32413,32509,32608,32733,32848,32992,33117,33229,33328,33440,33552,33680,33824,33952,34064,34176,34285,34381,34512,34640,34765,34893,35005,35101,35232,35341,35485,35613,35725,35825,35949,36061,36192,36320,36445,36573,36669,36768,36893,37020,37165,37296,37424,37533,37629,37728,37872,38013,38144,38256,38384,38496,38608,38752,38880
25648,25776,25901,26012,26108,26204,26336,26448,26556,26688,26800,26908,27005,27104,27228,27344,27468,27612,27724,27824,27936,28032,28144,28269,28400,28508,28620,28720,28828,28940,29056,29200,29328,29452,29552,29660,29756,29888,30016,30140,30268,30380,30464,30576,30704,30828,30960,31068,31180,31264,31388,31516,31648,31760,31868,31984,32080,32192,32336,32476,32588,32700,32800,32908,33023,33148,33295,33420,33533,33644,33772,33884,34028,34175,34320,34432,34543,34668,34784,34928,35056,35168,35292,35404,35516,35632,35776,35920,36047,36172,36284,36416,36544,36687,36800,36912,37040,37148,37263,37388,37520,37647,37760,37868,37964,38096,38224,38368,38480,38588,38704,38800,38912
25744,25856,25968,26080,26192,26332,26476,26592,26704,26812,26925,27040,27164,27312,27436,27548,27648,27772,27888,28012,28156,28272,28384,28492,28588,28700,28832,28972,29104,29216,29325,29420,29532,29648,29792,29916,30028,30144,30256,30368,30492,30640,30764,30892,30988,31100,31212,31328,31472,31596,31708,31808,31932,32044,32160,32304,32432,32556,32656,32768,32880,33008,33152,33276,33388,33488,33599,33696,33808,33952,34076,34192,34304,34412,34524,34640,34764,34892,35004,35116,35216,35328,35440,35564,35712,35836,35948,36048,36159,36272,36380,36524,36656,36768,36876,36976,37084,37200,37324,37456,37584,37692,37788,37919,38048,38192,38332,38444,38544,38656,38780,38912
25616,25757,25885,25980,26080,26192,26304,26413,26557,26684,26797,26896,27005,27117,27232,27376,27505,27628,27728,27837,27932,28064,28192,28316,28445,28540,28641,28765,28880,29024,29164,29276,29388,29488,29597,29712,29836,29969,30096,30205,30300,30400,30525,30656,30797,30925,31036,31132,31244,31356,31472,31616,31728,31856,31965,32060,32172,32304,32444,32588,32716,32832,32956,33072,33197,33328,33456,33564,33660,33760,33872,34016,34157,34285,34396,34492,34604,34717,34844,34988,35104,35216,35324,35437,35552,35677,35824,35948,36060,36173,36288,36432,36576,36704,36828,36940,37052,37164,37276,37404,37548,37664,37776,37888,37996,38124,38256,38384,38524,38620
25676,25775,25884,25980,26092,26208,26351,26476,26588,26688,26799,26911,27020,27164,27296,27408,27516,27616,27724,27840,27964,28096,28223,28332,28428,28527,28652,28783,28924,29052,29164,29260,29372,29484,29599,29743,29871,29983,30092,30188,30300,30432,30572,30704,30828,30928,31039,31151,31260,31404,31535,31647,31772,31884,31999,32124,32271,32396,32524,32639,32736,32847,32972,33116,33232,33344,33452,33548,33660,33791,33932,34064,34175,34288,34400,34511,34620,34764,34895,35008,35116,35228,35340,35471,35612,35743,35856,35968,36079,36192,36300,36431,36556,36668,36767,36879,36975,37084,37199,37343,37455,37567,37679,37788,37888,37996,38124,38255,38368,38495,38588
25808,25935,26060,26160,26268,26364,26496,26623,26748,26876,26972,27072,27184,27296,27424,27564,27676,27788,27884,28000,28124,28268,28396,28508,28636,28752,28876,28992,29116,29244,29340,29452,29548,29644,29776,29903,30028,30156,30252,30364,30476,30588,30703,30828,30940,31056,31152,31263,31360,31503,31648,31788,31888,31996,32092,32192,32304,32428,32576,32700,32812,32912,33023,33136,33264,33388,33500,33612,33712,33823,33920,34032,34176,34316,34428,34540,34640,34748,34876,35023,35148,35276,35372,35472,35583,35696,35823,35968,36079,36192,36300,36399,36512,36636,36783,36908,37008,37116,37228,37324,37456,37596,37724,37836,37932,38044,38156,38272,38416,38540,38640,38748,38863,38972
25887,25999,26130,26271,26403,26515,26623,26738,26851,26979,27123,27251,27363,27471,27567,27667,27791,27923,28051,28163,28271,28367,28479,28623,28739,28883,28991,29087,29187,29311,29427,29571,29695,29811,29907,30015,30127,30239,30371,30498,30623,30735,30835,30943,31039,31171,31298,31423,31551,31647,31747,31858,31983,32111,32255,32367,32467,32591,32687,32799,32931,33071,33171,33283,33395,33503,33619,33743,33891,34015,34127,34227,34339,34451,34579,34723,34835,34947,35055,35155,35267,35391,35538,35663,35791,35887,35987,36098,36223,36351,36483,36591,36703,36818,36930,37058,37199,37315,37442,37555,37679,37791,37919,38063,38191,38303,38403,38511,38623,38751,38899
25711,25823,25935,26035,26147,26291,26419,26563,26675,26803,26911,27007,27139,27264,27395,27523,27632,27727,27827,27971,28099,28243,28352,28467,28579,28675,28819,28963,29088,29215,29315,29423,29539,29651,29792,29935,30051,30163,30271,30367,30479,30611,30751,30863,30975,31075,31183,31279,31411,31551,31683,31795,31903,31999,32112,32227,32371,32495,32607,32707,32819,32915,33027,33171,33311,33423,33535,33635,33743,33859,33983,34115,34243,34351,34447,34547,34659,34783,34931,35055,35167,35267,35379,35491,35599,35744,35875,35987,36095,36223,36319,36451,36591,36723,36835,36943,37039,37151,37267,37411,37551,37667,37775,37875,37983,38099,38243,38371,38495,38595,38703,38819,38943
25680,25808,25920,26031,26144,26255,26387,26499,26627,26736,26848,26944,27056,27167,27296,27427,27536,27631,27743,27843,27955,28080,28195,28336,28447,28543,28643,28755,28867,28995,29136,29247,29360,29455,29555,29667,29776,29907,30031,30144,30243,30355,30451,30563,30687,30831,30947,31059,31167,31264,31375,31507,31647,31779,31891,31999,32096,32208,32323,32467,32591,32703,32803,32915,33027,33136,33280,33411,33539,33648,33743,33856,34000,34128,34259,34371,34480,34575,34688,34835,34959,35071,35171,35283,35395,35504,35647,35779,35891,35999,36112,36223,36355,36495,36627,36767,36879,37008,37123,37248,37395,37520,37647,37763,37888,38003,38128,38259,38399,38527,38643,38767,38883
25820,25952,26080,26188,26284,26396,26528,26655,26800,26912,27020,27135,27232,27356,27500,27632,27760,27868,27964,28064,28188,28319,28460,28588,28684,28796,28908,29024,29167,29308,29420,29532,29632,29740,29856,29980,30127,30252,30352,30460,30556,30668,30799,30940,31068,31180,31280,31388,31500,31616,31760,31888,32000,32108,32204,32304,32428,32575,32700,32828,32924,33024,33135,33260,33388,33532,33644,33744,33871,33980,34095,34220,34351,34479,34588,34684,34783,34908,35039,35180,35311,35420,35516,35628,35740,35856,36000,36111,36223,36351,36463,36588,36719,36860,36988,37084,37196,37312,37424,37548,37692,37840,37951,38064,38188,38304,38447,38588,38700,38812
25968,26080,26192,26320,26464,26572,26684,26781,26893,27008,27132,27280,27404,27516,27616,27725,27821,27953,28092,28224,28336,28444,28560,28673,28780,28924,29056,29168,29276,29376,29485,29600,29745,29872,29996,30096,30204,30300,30432,30560,30704,30816,30924,31020,31132,31244,31372,31516,31617,31728,31840,31936,32048,32172,32320,32444,32556,32656,32764,32860,32992,33132,33245,33357,33456,33564,33661,33805,33932,34077,34189,34288,34400,34497,34609,34753,34877,35004,35117,35217,35329,35453,35601,35744,35853,35949,36092,36208,36352,36492,36604,36732,36828,36928,37040,37168,37312,37452,37568,37676,37788,37888,38032,38172,38304,38416,38524,38620,38732,38848,38992
26099,26240,26352,26464,26560,26656,26768,26899,27024,27140,27251,27363,27475,27587,27699,27840,27971,28085,28195,28304,28400,28512,28624,28740,28864,28976,29088,29188,29299,29412,29520,29651,29764,29875,29984,30080,30192,30304,30432,30560,30672,30784,30880,30992,31107,31251,31392,31524,31635,31744,31840,31952,32084,32224,32352,32464,32560,32672,32784,32899,33044,33172,33284,33392,33488,33588,33712,33840,33952,34064,34176,34276,34384,34500,34624,34772,34896,34996,35088,35188,35299,35444,35584,35712,35827,35924,36032,36160,36304,36419,36531,36643,36755,36880,37012,37139,37264,37363,37476,37587,37712,37840,37984
25876,25984,26080,26192,26308,26452,26592,26704,26804,26912,27008,27120,27264,27396,27524,27636,27744,27840,27972,28100,28244,28356,28464,28560,28672,28784,28912,29056,29172,29284,29392,29488,29600,29732,29872,30004,30112,30208,30308,30420,30544,30692,30816,30944,31044,31152,31264,31380,31524,31652,31764,31872,31968,32080,32212,32352,32484,32596,32704,32800,32932,33040,33184,33332,33456,33556,33668,33780,33904,34032,34176,34288,34404,34516,34628,34740,34884,35012,35124,35232,35316,35428,35540,35664,35796,35924,36032,36128,36228,36339,36451,36576,36692,36816,36944,37060,37184,37280,37411,37536,37648,37748,37856,37940,38064,38192,38336,38448,38548,38660,38756,38867,38992
25536,25660,25788,25916,26012,26112,26220,26336,26476,26588,26700,26812,26912,27020,27116,27248,27376,27500,27600,27692,27792,27904,28016,28141,28256,28368,28480,28588,28685,28784,28909,29056,29180,29292,29392,29500,29596,29708,29824,29968,30092,30204,30304,30416,30528,30636,30780,30912,31024,31132,31232,31340,31456,31580,31712,31840,31948,32060,32156,32288,32416,32560,32668,32764,32864,32976,33089,33216,33360,33472,33584,33692,33792,33904,34028,34176,34300,34412,34512,34620,34716,34848,34976,35100,35228,35324,35425,35536,35660,35789,35932,36048,36160,36269,36365,36476,36608,36732,36848,36960,37072,37196,37328,37456,37600,37712,37836,37948,38064,38208,38349,38480,38588
25649,25776,25885,25981,26080,26205,26336,26477,26605,26701,26800,26912,27024,27133,27277,27405,27517,27616,27725,27837,27952,28096,28224,28336,28445,28541,28640,28765,28896,29024,29149,29249,29357,29472,29597,29725,29869,29981,30093,30192,30288,30400,30525,30669,30784,30897,30989,31088,31200,31325,31472,31597,31709,31805,31901,32000,32144,32272,32397,32497,32605,32721,32832,32960,33104,33245,33357,33469,33568,33677,33792,33936,34064,34189,34289,34400,34525,34653,34797,34928,35056,35165,35261,35360,35485,35632,35757,35885,35981,36080,36192,36317,36445,36589,36704,36816,36925,37021,37133,37264,37405,37517,37629,37725,37821,37933,38064,38205,38336,38448,38557,38653
25679,25807,25951,26079,26211,26303,26403,26527,26658,26787,26911,27011,27119,27234,27359,27487,27631,27759,27871,27983,28082,28195,28319,28450,28563,28691,28799,28895,29026,29138,29279,29407,29523,29634,29759,29855,29986,30127,30239,30367,30463,30559,30675,30786,30914,31039,31170,31282,31394,31506,31634,31778,31890,32018,32130,32239,32335,32466,32606,32738,32863,32975,33087,33199,33295,33427,33567,33679,33790,33903,34002,34127,34271,34386,34511,34623,34722,34831,34946,35075,35200,35343,35458,35570,35682,35807,35938,36066,36206,36319,36415,36526,36642,36786,36927,37039,37135,37234,37330,37442,37567,37711,37839,37970,38079,38175,38306,38434,38578
25564,25663,25772,25887,26031,26161,26284,26384,26492,26588,26720,26847,26992,27105,27212,27308,27420,27532,27660,27804,27921,28031,28140,28236,28348,28492,28640,28764,28863,28971,29068,29179,29311,29452,29583,29695,29804,29916,30028,30159,30299,30432,30540,30635,30768,30879,31007,31151,31263,31392,31500,31596,31708,31839,31979,32124,32255,32367,32463,32587,32732,32863,32991,33099,33183,33295,33420,33551,33692,33823,33931,34028,34140,34252,34368,34511,34623,34735,34843,34943,35056,35167,35311,35439,35552,35659,35756,35855,35979,36112,36240,36379,36491,36587,36700,36815,36959,37099,37211,37308,37408,37504,37616,37728,37871,37983,38095,38223,38331,38447,38571
26061,26160,26269,26365,26477,26573,26685,26816,26957,27101,27217,27341,27441,27549,27645,27757,27869,27985,28109,28257,28397,28509,28637,28733,28832,28944,29041,29153,29277,29408,29549,29681,29809,29917,30001,30109,30205,30317,30429,30544,30669,30816,30941,31056,31168,31276,31373,31473,31585,31696,31824,31968,32109,32237,32349,32461,32560,32668,32765,32876,32992,33116,33264,33408,33520,33648,33757,33853,33952,34064,34176,34285,34416,34557,34701,34816,34928,35037,35133,35232,35344,35456,35565,35697,35837,35969,36080,36192,36301,36400,36509,36605,36717,36833,36976,37117,37248,37360,37472,37581,37680,37792,37904,38028,38144,38288,38429,38556,38688,38796,38892,38992
25040,25151,25267,25412,25551,25663,25791,25888,26003,26115,26223,26319,26451,26579,26703,26835,26963,27075,27187,27312,27395,27503,27619,27744,27871,28019,28144,28271,28383,28483,28595,28703,28799,28931,29039,29183,29331,29455,29587,29711,29807,29907,30019,30143,30259,30383,30531,30656,30771,30883,30995,31107,31215,31315,31423,31519,31631,31763,31875,32003,32128,32228,32355,32463,32559,32659,32771,32883,32991,33123,33251,33375,33475,33587,33695,33795,33903,33999,34099,34223,34351,34495,34627,34755,34863,34959,35071,35171,35279,35379,35523,35663,35811,35935,36063,36175,36275,36383,36495,36591,36723,36831,36975
